latency,time,GPU1,GPU2,latency_sub,fps,time_sub,time_rel
28.7203,4424.0391,25.6386,26.5425,29.1679,34.28426455,18172.998,0
29.1333,4453.1724,26.2163,26.7637,29.2286,34.21306529,18202.2266,29.2286
29.9677,4483.1401,26.2124,26.7896,29.9922,33.34200225,18232.2188,59.2208
28.9478,4512.0879,26.0308,26.7983,28.9179,34.58065765,18261.1367,88.1387
29.3359,4541.4238,26.4258,26.9073,28.9375,34.55723542,18290.0742,117.0762
30.0108,4571.4346,26.1211,26.9683,30.3457,32.95359804,18320.4199,147.4219
28.9609,4600.3955,26.2861,26.7759,29.3438,34.07874917,18349.7637,176.7657
29.1387,4629.5342,26.2276,26.8442,29.2402,34.19949248,18379.0039,206.0059
29.6147,4659.1489,26.1177,26.6226,30.0703,33.25540483,18409.0742,236.0762
28.6382,4687.7871,25.9633,26.5274,29.5176,33.87809307,18438.5918,265.5938
28.9346,4716.7217,26.3086,26.7222,28.8633,34.64607304,18467.4551,294.4571
29.9385,4746.6602,26.3447,26.8389,29.6953,33.67536277,18497.1504,324.1524
28.9082,4775.5684,26.0088,26.7578,29.1758,34.27498132,18526.3262,353.3282
28.664,4804.2324,26.3027,26.4063,29.5761,33.81108395,18555.9023,382.9043
30.2593,4834.4917,26.2359,26.8994,29.8594,33.49029116,18585.7617,412.7637
29.1655,4863.6572,26.3296,26.9614,28.7637,34.76604192,18614.5254,441.5274
28.6695,4892.3267,26.0068,26.4571,29.125,34.33476395,18643.6504,470.6524
29.7504,4922.0771,26.0903,26.6884,29.8437,33.50790954,18673.4941,500.4961
29.3184,4951.3955,26.0058,27.0961,29.1211,34.33936218,18702.6152,529.6172
29.0879,4980.4834,26.2656,26.7408,29.3047,34.12421898,18731.9199,558.9219
30.1484,5010.6318,25.8174,26.874,30.5293,32.75541857,18762.4492,589.4512
28.9859,5039.6177,26.168,26.7051,29.1758,34.27498132,18791.625,618.627
28.8735,5068.4912,26.3091,26.6778,29.1465,34.30943681,18820.7715,647.7735
29.9888,5098.48,26.1201,26.81,29.9883,33.34633841,18850.7598,677.7618
28.8174,5127.2974,26.1558,26.7236,28.832,34.68368479,18879.5918,706.5938
29.061,5156.3584,25.9429,26.6342,29.7187,33.64884736,18909.3105,736.3125
30.2051,5186.5635,26.02,26.707,30.5918,32.68849823,18939.9023,766.9043
29.0034,5215.5669,26.0273,26.727,29.0313,34.44558115,18968.9336,795.9356
29.1841,5244.751,25.9927,26.7974,28.9238,34.57360375,18997.8574,824.8594
29.8403,5274.5913,25.9526,26.7232,30.5703,32.71148795,19028.4277,855.4297
28.9478,5303.5391,26.251,26.773,29.252,34.1856967,19057.6797,884.6817
29.0302,5332.5693,25.9013,26.6426,29.2949,34.13563453,19086.9746,913.9766
29.8213,5362.3906,25.9995,26.7378,30.0078,33.32466892,19116.9824,943.9844
28.8516,5391.2422,26.5542,26.6929,29.0117,34.46885222,19145.9941,972.9961
29.0825,5420.3247,26.1177,26.7515,28.959,34.53157913,19174.9531,1001.9551
29.7144,5450.0391,26.2769,26.5791,30.2793,33.02586255,19205.2324,1032.2344
28.7773,5478.8164,26.0376,26.6064,29.4785,33.92302865,19234.7109,1061.7129
29.3257,5508.1421,26.3554,26.9048,29.3809,34.03571708,19264.0918,1091.0938
29.8589,5538.001,25.9971,26.8027,29.877,33.47056264,19293.9688,1120.9708
28.9072,5566.9082,26.1348,26.7334,29.33,34.0947835,19323.2988,1150.3008
29.1152,5596.0234,26.1406,26.8735,29.2989,34.1309742,19352.5977,1179.5997
30.4239,5626.4473,25.9853,26.6918,29.9687,33.36814743,19382.5664,1209.5684
28.7841,5655.2314,26.3521,26.5981,28.9024,34.59920283,19411.4688,1238.4708
29.0645,5684.2959,26.1347,26.7183,29.1816,34.26816898,19440.6504,1267.6524
29.8315,5714.1274,26.0649,26.6733,29.8594,33.49029116,19470.5098,1297.5118
28.9961,5743.1235,26.0523,26.8506,29.4668,33.93649802,19499.9766,1326.9786
29.0899,5772.2134,26.1099,26.8853,29.2226,34.22008993,19529.1992,1356.2012
29.8305,5802.0439,26.0844,26.9819,30.0059,33.32677907,19559.2051,1386.2071
28.7281,5830.772,25.9775,26.5957,29.1543,34.30025759,19588.3594,1415.3614
29.0117,5859.7837,25.8789,26.6596,29.3515,34.06980904,19617.7109,1444.7129
29.7642,5889.5479,25.7769,26.6905,29.8399,33.51217665,19647.5508,1474.5528
29.0043,5918.5522,26.0293,26.8868,29.5293,33.86467001,19677.0801,1504.0821
28.8658,5947.418,25.7388,26.583,29.5117,33.884866,19706.5918,1533.5938
29.7295,5977.1475,25.9898,26.9155,30.4102,32.88370349,19737.002,1564.004
28.7304,6005.8779,25.8877,26.6426,28.9472,34.54565554,19765.9492,1592.9512
29.8033,6035.6812,26.4228,26.7353,28.9278,34.56882307,19794.877,1621.879
30.1347,6065.8159,26.3056,26.8559,29.9511,33.38775537,19824.8281,1651.8301
28.9634,6094.7793,25.8716,26.7632,28.7969,34.72596009,19853.625,1680.627
29.2393,6124.0186,25.6943,26.8569,28.7832,34.74248867,19882.4082,1709.4102
30.2329,6154.2515,26.7216,26.8808,30.1211,33.19931875,19912.5293,1739.5313
28.8632,6183.1147,26.2656,26.6406,29.2812,34.15160581,19941.8105,1768.8125
29.2071,6212.3218,26.3008,26.7442,29.5547,33.83556592,19971.3652,1798.3672
30.0742,6242.396,26.1089,26.6465,30.2637,33.04288636,20001.6289,1828.6309
28.9438,6271.3398,26.2124,26.8155,29.1094,34.35316427,20030.7383,1857.7403
28.9913,6300.3311,26.2569,26.7388,28.8574,34.65315656,20059.5957,1886.5977
29.916,6330.2471,26.1269,26.6884,30.8691,32.3948544,20090.4648,1917.4668
28.9624,6359.2095,25.8867,26.8833,29.5215,33.87361753,20119.9863,1946.9883
29.1006,6388.3101,26.2934,26.7661,29.209,34.23602314,20149.1953,1976.1973
29.8994,6418.2095,26.5346,26.6557,30.0547,33.27266617,20179.25,2006.252
28.9101,6447.1196,26.1866,26.8218,28.9883,34.49667625,20208.2383,2035.2403
29.17,6476.2896,25.8032,26.9219,29.3027,34.12654807,20237.541,2064.543
30.0468,6506.3364,25.9722,26.5727,30.1992,33.11345996,20267.7402,2094.7422
28.8789,6535.2153,26.2236,26.7519,29.1055,34.35776743,20296.8457,2123.8477
28.8999,6564.1152,26.0288,26.6958,29.2871,34.14472583,20326.1328,2153.1348
30.2183,6594.3335,25.8828,26.7392,29.7637,33.59797337,20355.8965,2182.8985
28.9477,6623.2812,26.4272,26.7925,29.1445,34.31179125,20385.041,2212.043
29.0284,6652.3096,25.8559,26.8096,29.1992,34.24751363,20414.2402,2241.2422
29.5459,6681.8555,26.0132,26.648,29.8594,33.49029116,20444.0996,2271.1016
28.6953,6710.5508,26.126,26.5234,29.3633,34.05611767,20473.4629,2300.4649
29.1015,6739.6523,25.8628,26.7881,29.4004,34.01314268,20502.8633,2329.8653
29.7491,6769.4014,26.0088,26.6367,30.2793,33.02586255,20533.1426,2360.1446
29.0039,6798.4053,26.3437,26.8653,28.7597,34.7708773,20561.9023,2388.9043
29.0844,6827.4897,25.9263,26.9214,29.2481,34.19025509,20591.1504,2418.1524
30.9883,6858.478,25.8442,26.9418,29.9082,33.43564641,20621.0586,2448.0606
28.6895,6887.1675,26.3745,26.6191,29.0801,34.38777721,20650.1387,2477.1407
28.9687,6916.1362,26.1348,26.5039,29.7285,33.63775502,20679.8672,2506.8692
29.9361,6946.0723,26.1001,26.6504,29.8183,33.53645245,20709.6855,2536.6875
28.8711,6974.9434,25.9858,26.6245,29.0977,34.36697746,20738.7832,2565.7852
29.1962,7004.1396,26.2651,26.7148,29.0469,34.42708172,20767.8301,2594.8321
29.9151,7034.0547,26.0913,26.8706,29.9258,33.4159822,20797.7559,2624.7579
28.8862,7062.9409,26.061,26.7187,29.3515,34.06980904,20827.1074,2654.1094
29.1724,7092.1133,26.3149,26.7632,29.4317,33.97697041,20856.5391,2683.5411
29.7168,7121.8301,26.0459,26.6807,30.7285,32.5430789,20887.2676,2714.2696
28.7822,7150.6123,25.9946,26.6763,29.125,34.33476395,20916.3926,2743.3946
28.752,7179.3643,26.3521,26.6264,28.8613,34.64847391,20945.2539,2772.2559
29.6142,7208.9785,26.3658,26.7476,30.8164,32.45025376,20976.0703,2803.0723
28.8887,7237.8672,25.7901,26.8096,29.3809,34.03571708,21005.4512,2832.4532
29.0986,7266.9658,26.2144,26.8369,29.5898,33.79542951,21035.041,2862.043
29.5908,7296.5566,25.8569,26.5831,30.459,32.83101875,21065.5,2892.502
28.7989,7325.3555,25.9605,26.6338,28.873,34.63443355,21094.373,2921.375
28.8569,7354.2124,26.1797,26.602,29.3243,34.10141078,21123.6973,2950.6993
29.6279,7383.8403,26.0708,26.6953,29.7715,33.58917085,21153.4688,2980.4708
28.8228,7412.6631,26.0342,26.7876,29.5,33.89830508,21182.9688,3009.9708
28.9106,7441.5737,26.2456,26.6265,29.5214,33.87373228,21212.4902,3039.4922
29.8076,7471.3813,26.1909,26.7304,30.293,33.01092662,21242.7832,3069.7852
28.6221,7500.0034,26.0703,26.5577,29.1035,34.36012851,21271.8867,3098.8887
29.1304,7529.1338,26.1924,27.0078,29.1094,34.35316427,21300.9961,3127.9981
29.6431,7558.7769,26.1362,26.75,29.8711,33.47717359,21330.8672,3157.8692
28.5307,7587.3076,25.958,26.5371,28.8711,34.63671284,21359.7383,3186.7403
28.9776,7616.2852,26.1128,26.7202,29.5859,33.7998844,21389.3242,3216.3262
29.7138,7645.999,25.999,26.6929,29.9512,33.3876439,21419.2754,3246.2774
28.6685,7674.6675,26.4121,26.6294,29.2246,34.21774806,21448.5,3275.502
28.8598,7703.5273,26.0352,26.7138,28.9941,34.48977551,21477.4941,3304.4961
29.4693,7732.9966,26.0288,26.7178,29.9844,33.35067568,21507.4785,3334.4805
28.7363,7761.7329,25.9302,26.6314,29.2149,34.22910912,21536.6934,3363.6954
29.1465,7790.8794,26.1329,26.7407,29.5839,33.80216942,21566.2773,3393.2793
29.8501,7820.7295,26.248,26.6846,30.2598,33.04714506,21596.5371,3423.5391
28.9092,7849.6387,26.1118,26.8013,28.9297,34.56655271,21625.4668,3452.4688
29.2036,7878.8423,26.0346,27.081,28.9629,34.52692928,21654.4297,3481.4317
29.4038,7908.2461,26.4961,26.5459,29.9394,33.40080296,21684.3691,3511.3711
28.8784,7937.1245,26.0337,26.8208,29.2227,34.21997283,21713.5918,3540.5938
28.9888,7966.1133,26.2432,26.7212,29.2227,34.21997283,21742.8145,3569.8165
29.6748,7995.7881,26.4712,26.5766,29.6621,33.71305471,21772.4766,3599.4786
29.0195,8024.8076,26.2632,26.9893,29.4257,33.98389843,21801.9023,3628.9043
29.1143,8053.9219,25.9819,26.9361,29.3282,34.09687604,21831.2305,3658.2325
29.4697,8083.3916,26.3775,26.5815,29.8496,33.50128645,21861.0801,3688.0821
28.7666,8112.1582,26.1743,26.7608,29.3887,34.02668373,21890.4688,3717.4708
28.9927,8141.1509,26.0103,26.7364,29.2832,34.1492733,21919.752,3746.754
29.6636,8170.8145,26.0982,26.6597,29.8906,33.45533378,21949.6426,3776.6446
28.8525,8199.667,25.8555,26.7954,29.7793,33.58037294,21979.4219,3806.4239
28.832,8228.499,26.0059,26.6748,29.2754,34.15837188,22008.6973,3835.6993
29.5469,8258.0459,26.1836,26.7285,29.8047,33.55175526,22038.502,3865.504
28.6426,8286.6885,26.2539,26.6475,29.0371,34.43870083,22067.5391,3894.5411
28.9189,8315.6074,26.0605,26.6885,29.1035,34.36012851,22096.6426,3923.6446
29.8194,8345.4268,26.2207,26.6631,29.916,33.42692873,22126.5586,3953.5606
28.5644,8373.9912,26.2021,26.5538,29.3008,34.12876099,22155.8594,3982.8614
29.1572,8403.1484,25.8204,27.1074,29.4336,33.97477713,22185.293,4012.295
29.7168,8432.8652,26.166,26.8017,30.4043,32.89008463,22215.6973,4042.6993
28.8047,8461.6699,25.9033,26.7363,28.83,34.68609088,22244.5273,4071.5293
28.7744,8490.4443,26.0117,26.7061,29.2207,34.222315,22273.748,4100.75
29.9034,8520.3477,26.1582,26.5879,29.6739,33.69964851,22303.4219,4130.4239
28.7939,8549.1416,25.9755,26.752,28.8496,34.66252565,22332.2715,4159.2735
28.709,8577.8506,25.9141,26.6104,29.2578,34.17891981,22361.5293,4188.5313
29.7197,8607.5703,26.2304,26.7881,29.8223,33.53195428,22391.3516,4218.3536
29.334,8636.9043,25.9385,27.2383,29.4804,33.92084232,22420.832,4247.834
29.6133,8666.5176,26.1377,27.2255,29.1348,34.32321485,22449.9668,4276.9688
30.7197,8697.2373,26.1386,27.126,29.7695,33.59142747,22479.7363,4306.7383
29.1279,8726.3652,26.3848,27.1182,28.9141,34.58520238,22508.6504,4335.6524
29.1827,8755.5479,25.9199,27.0654,29.0293,34.44795431,22537.6797,4364.6817
30.0097,8785.5576,26.0088,26.7685,30.1836,33.13057422,22567.8633,4394.8653
28.6621,8814.2197,25.9786,26.6865,29.2578,34.17891981,22597.1211,4424.1231
29.0264,8843.2461,26.0371,26.7822,29.2656,34.16981029,22626.3867,4453.3887
30.3379,8873.584,26.3311,26.5684,29.6231,33.7574393,22656.0098,4483.0118
29.167,8902.751,26.2608,26.9609,29.1464,34.30955452,22685.1562,4512.1582
28.9277,8931.6787,26.4619,26.7256,29.2071,34.23825029,22714.3633,4541.3653
29.5322,8961.2109,25.8271,26.7159,30.0429,33.28573473,22744.4062,4571.4082
28.5762,8989.7871,26.0039,26.6504,29.0567,34.41547044,22773.4629,4600.4649
28.8916,9018.6787,26.041,26.6465,29.0742,34.39475549,22802.5371,4629.5391
29.8701,9048.5488,26.0781,26.7578,29.6016,33.78195773,22832.1387,4659.1407
28.7334,9077.2822,26.4492,26.6211,29.5488,33.84232185,22861.6875,4688.6895
29.0655,9106.3477,26.3672,26.8662,29.209,34.23602314,22890.8965,4717.8985
29.4863,9135.834,25.9932,26.7246,29.7207,33.64658302,22920.6172,4747.6192
28.7549,9164.5889,26.0127,26.6748,28.9629,34.52692928,22949.5801,4776.5821
28.8662,9193.4551,26.3457,26.7188,29.1855,34.2635898,22978.7656,4805.7676
30.3906,9223.8457,25.9483,27.3711,29.836,33.51655718,23008.6016,4835.6036
29.3047,9253.1504,26.1152,27.1758,29.5234,33.87143757,23038.125,4865.127
29.1182,9282.2686,26.2295,27.0313,29.4434,33.96346889,23067.5684,4894.5704
29.9482,9312.2168,26.0429,27.1601,30.2695,33.03655495,23097.8379,4924.8399
29.1728,9341.3896,26.2422,27.1406,28.8672,34.64139231,23126.7051,4953.7071
28.8584,9370.248,26.2735,26.7324,28.9961,34.48739658,23155.7012,4982.7032
29.9395,9400.1875,26.0293,26.7656,29.9121,33.431287,23185.6133,5012.6153
28.7754,9428.9629,26.1914,26.7031,28.8242,34.69307041,23214.4375,5041.4395
28.7881,9457.751,26.3858,26.6464,29.4609,33.94329433,23243.8984,5070.9004
29.8564,9487.6074,25.9511,26.8056,30.7891,32.47902667,23274.6875,5101.6895
29.1807,9516.7881,25.9209,27.2344,29.3301,34.09466725,23304.0176,5131.0196
29.3867,9546.1748,26.542,27.1944,29.3398,34.08339525,23333.3574,5160.3594
30.1787,9576.3535,25.8584,27.1601,30.6953,32.57827746,23364.0527,5191.0547
29.0049,9605.3584,26.1172,26.9551,29.1446,34.31167352,23393.1973,5220.1993
29.3408,9634.6992,25.9717,27.1552,28.9472,34.54565554,23422.1445,5249.1465
29.6924,9664.3916,26.2041,26.9287,30.1309,33.18852075,23452.2754,5279.2774
28.8174,9693.209,26.1172,26.7216,29.3672,34.05159498,23481.6426,5308.6446
28.8418,9722.0508,26.1163,26.6132,28.9629,34.52692928,23510.6055,5337.6075
29.7783,9751.8291,26.2627,26.6982,30.0136,33.31822907,23540.6191,5367.6211
28.6904,9780.5195,26.3691,26.5333,29.2344,34.20627754,23569.8535,5396.8555
28.9737,9809.4932,26.2715,26.8066,29.2246,34.21774806,23599.0781,5426.0801
29.5214,9839.0146,26.0664,26.7412,30.0137,33.31811806,23629.0918,5456.0938
28.7999,9867.8145,26.0391,26.711,28.998,34.48513691,23658.0898,5485.0918
28.7646,9896.5791,26.0362,26.6426,29.4082,34.0041213,23687.498,5514.5
30.0391,9926.6182,26.4912,26.9795,29.5684,33.8198888,23717.0664,5544.0684
28.9775,9955.5957,26.3203,26.8242,29.2109,34.23379629,23746.2773,5573.2793
29.2451,9984.8408,26.0645,27.0225,29.2422,34.19715343,23775.5195,5602.5215
29.5049,10014.3457,26.2188,26.6094,30.1641,33.15199194,23805.6836,5632.6856
28.8105,10043.1562,25.9443,26.8379,28.8887,34.61561095,23834.5723,5661.5743
28.96,10072.1162,26.1494,26.7803,29.3515,34.06980904,23863.9238,5690.9258
29.6553,10101.7715,26.1875,26.585,29.6465,33.73079453,23893.5703,5720.5723
28.8564,10130.6279,26.0361,26.7187,29.3711,34.04707348,23922.9414,5749.9434
28.8741,10159.502,26.1485,26.6641,29.5488,33.84232185,23952.4902,5779.4922
29.747,10189.249,26.6397,26.9522,30.1153,33.20571271,23982.6055,5809.6075
28.8584,10218.1074,26.2168,26.7978,29.1015,34.36248991,24011.707,5838.709
28.7647,10246.8721,26.004,26.6816,29.2852,34.14694112,24040.9922,5867.9942
29.8125,10276.6846,26.4424,26.6768,29.8691,33.47941518,24070.8613,5897.8633
29.1172,10305.8018,26.5996,26.833,28.7461,34.78732767,24099.6074,5926.6094
29.1279,10334.9297,26.206,26.8467,29.127,34.33240636,24128.7344,5955.7364
29.8564,10364.7861,26.2051,26.7002,30.0215,33.30946155,24158.7559,5985.7579
28.6729,10393.459,26.3203,26.6855,29.4961,33.90278715,24188.252,6015.254
28.7666,10422.2256,26.1592,26.6309,29.1113,34.35092215,24217.3633,6044.3653
30.5732,10452.7988,26.541,27.2862,30.0039,33.32900056,24247.3672,6074.3692
29.4043,10482.2031,25.9287,27.3223,28.9082,34.59226102,24276.2754,6103.2774
29.167,10511.3701,26.0127,27.0986,28.8125,34.70715835,24305.0879,6132.0899
30.0313,10541.4014,26.1044,26.9522,30.4902,32.79742343,24335.5781,6162.5801
29.0429,10570.4443,26.5157,26.9756,29.5254,33.86914318,24365.1035,6192.1055
29.0821,10599.5264,26.0244,26.9336,29.1914,34.25666463,24394.2949,6221.2969
30.0537,10629.5801,26.0283,26.6123,30.0742,33.2510923,24424.3691,6251.3711
28.7666,10658.3467,26.5528,26.6523,28.9903,34.49429637,24453.3594,6280.3614
28.8838,10687.2305,25.959,26.6709,29.1523,34.30261077,24482.5117,6309.5137
29.708,10716.9385,26.1348,26.7559,30.8711,32.39275568,24513.3828,6340.3848
29.4511,10746.3896,26.625,27.2949,29.4981,33.90048851,24542.8809,6369.8829
29.4444,10775.834,26.1865,27.2275,29.2461,34.1925932,24572.127,6399.129
30.0478,10805.8818,26.0264,26.9511,29.6152,33.76644426,24601.7422,6428.7442
29.125,10835.0068,26.2305,26.9747,29.0039,34.47812191,24630.7461,6457.7481
29.1582,10864.165,26.1084,26.9287,29.1152,34.34632082,24659.8613,6486.8633
29.9561,10894.1211,25.874,27.1689,29.6973,33.67309486,24689.5586,6516.5606
28.6816,10922.8027,26.2773,26.6153,29.5195,33.87591253,24719.0781,6546.0801
28.8194,10951.6221,25.9921,26.6934,29.2989,34.1309742,24748.377,6575.379
29.9218,10981.5439,26.0332,26.8398,30.2089,33.10282731,24778.5859,6605.5879
29.0948,11010.6387,26.3584,26.915,28.8672,34.64139231,24807.4531,6634.4551
29.1269,11039.7656,26.3555,26.9805,28.9649,34.52454523,24836.418,6663.42
30.1006,11069.8662,26.0694,27.2686,29.9746,33.36157947,24866.3926,6693.3946
29.1514,11099.0176,26.1895,27.1084,28.9648,34.52466442,24895.3574,6722.3594
28.9072,11127.9248,26.5489,26.7823,29.3614,34.05832147,24924.7188,6751.7208
29.9658,11157.8906,26.6416,26.8603,30.0195,33.31168074,24954.7383,6781.7403
28.8516,11186.7422,26.1035,26.7403,29.0547,34.41783945,24983.793,6810.795
29.2168,11215.959,26.5058,26.9463,29.1113,34.35092215,25012.9043,6839.9063
29.7412,11245.7002,26.0801,26.8877,29.9492,33.38987352,25042.8535,6869.8555
28.7236,11274.4238,26.4385,26.7861,29.4004,34.01314268,25072.2539,6899.2559
29.1826,11303.6064,26.3321,27.0254,29.0117,34.46885222,25101.2656,6928.2676
29.8741,11333.4805,26.3145,26.8428,29.7871,33.57157964,25131.0527,6958.0547
28.7841,11362.2646,26.4424,26.6612,29.2657,34.16969353,25160.3184,6987.3204
28.7491,11391.0137,26.4531,26.5362,29.2089,34.23614035,25189.5273,7016.5293
30.0547,11421.0684,25.9248,27.2881,30.5137,32.77216463,25220.041,7047.043
29.2636,11450.332,25.9805,27.2256,29.3613,34.05843747,25249.4023,7076.4043
29.1983,11479.5303,26.2266,27.0879,29.0899,34.37619242,25278.4922,7105.4942
30.3144,11509.8447,25.9004,27.1651,30.0937,33.22954638,25308.5859,7135.5879
28.9727,11538.8174,25.9043,26.8301,29.3575,34.06284595,25337.9434,7164.9454
29.0869,11567.9043,26.336,26.9287,29.3086,34.11967818,25367.252,7194.254
29.5762,11597.4805,26.1123,26.7813,30.3964,32.89863273,25397.6484,7224.6504
28.7861,11626.2666,26.2373,26.6992,29.1758,34.27498132,25426.8242,7253.8262
28.6514,11654.918,25.9844,26.5273,29.0977,34.36697746,25455.9219,7282.9239
30.1328,11685.0508,26.6835,27.2129,30.4277,32.86479096,25486.3496,7313.3516
29.4306,11714.4814,26.1093,27.3135,29.3047,34.12421898,25515.6543,7342.6563
29.1973,11743.6787,26.1504,27.0118,29.5742,33.81325615,25545.2285,7372.2305
29.8858,11773.5645,26.6699,26.9717,30.8926,32.37021164,25576.1211,7403.1231
28.9501,11802.5146,26.5273,26.9678,29.0957,34.3693398,25605.2168,7432.2188
28.877,11831.3916,26.0351,26.7422,29.1445,34.31179125,25634.3613,7461.3633
29.6904,11861.082,26.5401,26.6494,29.7364,33.62881855,25664.0977,7491.0997
29.3838,11890.4658,26.0401,27.249,29.2461,34.1925932,25693.3438,7520.3458
29.3711,11919.8369,26.25,27.1993,29.3437,34.07886531,25722.6875,7549.6895
30.0322,11949.8691,26.6982,27.0429,30.002,33.33111126,25752.6895,7579.6915
28.9307,11978.7998,26.4102,26.957,29.2128,34.23156972,25781.9023,7608.9043
29.2314,12008.0312,25.8134,27.0459,29.1094,34.35316427,25811.0117,7638.0137
30.125,12038.1562,26.5088,26.789,30.0528,33.27476974,25841.0645,7668.0665
28.6905,12066.8467,26.2441,26.5205,29.0039,34.47812191,25870.0684,7697.0704
29.4629,12096.3096,26.2236,27.2842,29.2168,34.22688316,25899.2852,7726.2872
29.9609,12126.2705,26.0215,27.1172,29.9003,33.44448049,25929.1855,7756.1875
29.042,12155.3125,25.8867,27.0225,29.2364,34.20393756,25958.4219,7785.4239
29.2764,12184.5889,25.9785,27.1055,29.1211,34.33936218,25987.543,7814.545
30.4736,12215.0625,26.1367,27.0654,29.9043,33.44000696,26017.4473,7844.4493
28.8203,12243.8828,26.4366,26.7334,29.2734,34.16070562,26046.7207,7873.7227
28.7949,12272.6777,26.1455,26.6845,28.8848,34.62028472,26075.6055,7902.6075
30.2784,12302.9561,26.1543,26.9092,29.7949,33.56279095,26105.4004,7932.4024
28.9023,12331.8584,26.3496,26.8818,29.3359,34.0879264,26134.7363,7961.7383
29.0645,12360.9229,25.9931,26.9013,29.1934,34.25431776,26163.9297,7990.9317
30.0517,12390.9746,25.9209,27.1729,30.0039,33.32900056,26193.9336,8020.9356
29.3604,12420.335,26.5078,27.2041,29.3203,34.10606303,26223.2539,8050.2559
29.1904,12449.5254,26.2383,26.9785,29.3496,34.07201461,26252.6035,8079.6055
29.8633,12479.3887,25.9346,26.9932,29.9942,33.33977902,26282.5977,8109.5997
29.2217,12508.6104,26.2988,27.0742,29.3632,34.05623365,26311.9609,8138.9629
28.9716,12537.582,26.2569,26.8145,29.334,34.09013432,26341.2949,8168.2969
29.8369,12567.4189,25.9336,26.875,29.8203,33.53420321,26371.1152,8198.1172
28.9346,12596.3535,26.0898,26.79,29.0938,34.37158432,26400.209,8227.211
28.8955,12625.249,26.4639,26.707,29.0078,34.47348644,26429.2168,8256.2188
29.9473,12655.1963,26.4327,27.1132,29.8613,33.48816026,26459.0781,8286.0801
29.2842,12684.4805,26.2314,27.2002,29.4199,33.9905982,26488.498,8315.5
29.3076,12713.7881,26.8457,27.1816,29.2071,34.23825029,26517.7051,8344.7071
29.9892,12743.7773,25.957,26.9688,31.0019,32.25608753,26548.707,8375.709
29.1866,12772.9639,25.9648,26.998,28.7989,34.72354847,26577.5059,8404.5079
29.2959,12802.2598,26.4648,27.0576,29.1464,34.30955452,26606.6523,8433.6543
29.5478,12831.8076,26.0039,26.6768,29.9473,33.39199193,26636.5996,8463.6016
28.7832,12860.5908,26.1064,26.7724,28.8359,34.67899389,26665.4355,8492.4375
28.9737,12889.5645,26.4912,26.8526,29.3204,34.10594671,26694.7559,8521.7579
30.1376,12919.7021,26.2666,26.9746,31.0996,32.1547544,26725.8555,8552.8575
29.2041,12948.9062,26.0576,27.1299,29.1289,34.33016695,26754.9844,8581.9864
28.9629,12977.8691,26.0596,26.7002,29.1758,34.27498132,26784.1602,8611.1622
29.583,13007.4521,25.998,26.7364,30.0332,33.29648522,26814.1934,8641.1954
29.0752,13036.5273,26.3896,27.0781,29.3203,34.10606303,26843.5137,8670.5157
29.3311,13065.8584,26.0752,27.1582,29.2539,34.18347639,26872.7676,8699.7696
29.9658,13095.8242,26.0869,27.0351,30.0156,33.31600901,26902.7832,8729.7852
29.2061,13125.0303,25.9053,27.0254,29.1367,34.32097664,26931.9199,8758.9219
29.1406,13154.1709,26.0508,26.997,29.1953,34.25208852,26961.1152,8788.1172
29.5947,13183.7656,26.8662,26.8017,29.7559,33.6067805,26990.8711,8817.8731
29.0039,13212.7695,26.2354,26.792,29.3535,34.06748769,27020.2246,8847.2266
29.4688,13242.2383,26.0224,27.292,29.0977,34.36697746,27049.3223,8876.3243
30.4756,13272.7139,26.4785,27.126,29.7324,33.63334275,27079.0547,8906.0567
29.2802,13301.9941,26.1484,27.0957,29.5215,33.87361753,27108.5762,8935.5782
29.3282,13331.3223,26.001,27.2178,29.457,33.9477883,27138.0332,8965.0352
29.8593,13361.1816,26.3975,26.9287,30.0996,33.22303286,27168.1328,8995.1348
28.9971,13390.1787,26.0459,26.9883,29.082,34.38553057,27197.2148,9024.2168
28.7442,13418.9229,26.0147,26.6025,29.2071,34.23825029,27226.4219,9053.4239
30.8593,13449.7822,26.5908,27.3604,29.7715,33.58917085,27256.1934,9083.1954
29.3321,13479.1143,26.1582,27.3027,29.1445,34.31179125,27285.3379,9112.3399
29.1035,13508.2178,26.0449,27.0019,29.4941,33.9050861,27314.832,9141.834
29.914,13538.1318,26.3017,26.9082,30.2305,33.07917501,27345.0625,9172.0645
28.8291,13566.9609,26.3789,26.8789,29.166,34.28649798,27374.2285,9201.2305
29.0811,13596.042,26.2539,26.8701,29.2578,34.17891981,27403.4863,9230.4883
30.6777,13626.7197,26.1054,27.1954,29.9395,33.40069139,27433.4258,9260.4278
29.4131,13656.1328,26.4863,27.2724,28.9121,34.58759481,27462.3379,9289.3399
29.3799,13685.5127,26.2588,27.2236,29.7832,33.57597572,27492.1211,9319.1231
29.9561,13715.4688,26.1093,27.1026,30.6855,32.58868195,27522.8066,9349.8086
29.2041,13744.6729,26.3945,27.124,29.3301,34.09466725,27552.1367,9379.1387
28.7373,13773.4102,26.3965,26.542,29.166,34.28649798,27581.3027,9408.3047
29.7011,13803.1113,26.0625,26.6269,30.1661,33.14979397,27611.4688,9438.4708
29.4229,13832.5342,26.3018,27.1758,29.5332,33.86019801,27641.002,9468.004
29.4326,13861.9668,26.6113,27.2812,29.4082,34.0041213,27670.4102,9497.4122
29.96,13891.9268,26.2403,27.0566,30.5293,32.75541857,27700.9395,9527.9415
28.8925,13920.8193,26.6679,26.831,29.457,33.9477883,27730.3965,9557.3985
29.4024,13950.2217,26.8359,27.2129,29.1133,34.34856234,27759.5098,9586.5118
29.8711,13980.0928,26.4092,26.8486,30.291,33.0131062,27789.8008,9616.8028
28.7226,14008.8154,26.125,26.6718,29.0898,34.3763106,27818.8906,9645.8926
29.2569,14038.0723,26.5762,27.0469,29.461,33.94317912,27848.3516,9675.3536
30.165,14068.2373,26.4101,27.2979,34.9511,28.61140279,27883.3027,9710.3047
28.9434,14097.1807,26.1348,26.9346,627.2422,1.594280487,28510.5449,10337.5469
29.1748,14126.3555,26.4844,27.0323,40.7754,24.52459081,28551.3203,10378.3223
29.9404,14156.2959,26.0801,27.0058,41.1289,24.31380368,28592.4492,10419.4512
29.1816,14185.4775,26.0576,26.9658,41.5606,24.06125032,28634.0098,10461.0118
29.1045,14214.582,26.1592,26.8809,39.7304,25.1696434,28673.7402,10500.7422
29.5176,14244.0996,26.3897,26.7353,40.3125,24.80620155,28714.0527,10541.0547
28.7588,14272.8584,26.0927,26.708,40.7539,24.53752892,28754.8066,10581.8086
29.3096,14302.168,26.2129,27.1836,40.4571,24.71754031,28795.2637,10622.2657
30.249,14332.417,26.0352,27.1475,40.0801,24.95003755,28835.3438,10662.3458
29.5684,14361.9854,26.0254,27.4111,41.5156,24.08733103,28876.8594,10703.8614
29.0986,14391.084,26.2491,26.9375,40.914,24.44151146,28917.7734,10744.7754
29.7051,14420.7891,26.3018,26.7939,40.1211,24.92454095,28957.8945,10784.8965
28.9912,14449.7803,26.6729,27.041,40.9825,24.40065882,28998.877,10825.879
28.833,14478.6133,26.1553,26.6943,42.3535,23.61079958,29041.2305,10868.2325
30.833,14509.4463,26.3964,27.5908,40.3554,24.7798312,29081.5859,10908.5879
29.5771,14539.0234,26.2626,27.336,41.4746,24.11114272,29123.0605,10950.0625
29.1397,14568.1631,26.0517,26.9327,40.8692,24.46830376,29163.9297,10990.9317
29.8467,14598.0098,26.4024,26.9033,42.2754,23.65441841,29206.2051,11033.2071
29.0693,14627.0791,26.3418,26.8818,40.5254,24.67588229,29246.7305,11073.7325
28.8711,14655.9502,26.3232,26.6777,40.6523,24.59885419,29287.3828,11114.3848
30.4131,14686.3633,26.1123,26.5498,39.9453,25.03423432,29327.3281,11154.3301
29.4082,14715.7715,26.1348,27.0645,41.2774,24.22633208,29368.6055,11195.6075
29.6113,14745.3828,26.0557,27.3281,40.4648,24.71283684,29409.0703,11236.0723
30.5908,14775.9736,25.9952,27.0625,40.5567,24.65683845,29449.627,11276.629
29.1719,14805.1455,26.4131,27.0302,41.7968,23.92527658,29491.4238,11318.4258
29.0147,14834.1602,26.0342,26.8086,41.1231,24.31723289,29532.5469,11359.5489
29.831,14863.9912,26.2686,26.7324,39.748,25.15849854,29572.2949,11399.2969
28.9727,14892.9639,26.3135,26.8809,41.5137,24.08843346,29613.8086,11440.8106
29.5927,14922.5566,26.1182,27.4746,40.1914,24.88094468,29654,11481.002
30.1231,14952.6797,26.2452,27.1348,40.5332,24.67113379,29694.5332,11521.5352
29.291,14981.9707,25.9599,27.2666,42.5938,23.47759533,29737.127,11564.129
29.2139,15011.1846,25.9805,26.9854,39.9257,25.04652392,29777.0527,11604.0547
30.0127,15041.1973,26.0186,26.916,40.3672,24.77258765,29817.4199,11644.4219
28.9453,15070.1426,26.333,26.8115,41.377,24.16801605,29858.7969,11685.7989
29.0068,15099.1494,26.582,26.8204,41.9863,23.81729278,29900.7832,11727.7852
30.1963,15129.3457,26.4922,27.333,39.9336,25.041569,29940.7168,11767.7188
29.3066,15158.6523,26.0674,27.2236,41.1523,24.29997837,29981.8691,11808.8711
29.3428,15187.9951,26.3242,27.1396,39.8497,25.0942918,30021.7188,11848.7208
29.9033,15217.8984,26.1426,26.9356,40.9433,24.42402054,30062.6621,11889.6641
29.1455,15247.0439,26.1025,27.038,40.6914,24.57521737,30103.3535,11930.3555
28.8868,15275.9307,26.3457,26.7656,40.3731,24.76896746,30143.7266,11970.7286
30.4414,15306.3721,26.0635,27.6211,40.9453,24.42282753,30184.6719,12011.6739
29.3076,15335.6797,26.0069,27.2618,40.8711,24.46716629,30225.543,12052.545
28.9336,15364.6133,26.2812,26.8164,39.9668,25.02076724,30265.5098,12092.5118
29.8838,15394.4971,26.0293,26.9395,41.0351,24.36938133,30306.5449,12133.5469
29.0527,15423.5498,26.2724,26.959,41.6797,23.99249515,30348.2246,12175.2266
28.9941,15452.5439,26.2002,26.8828,40.1387,24.91361205,30388.3633,12215.3653
30.1563,15482.7002,26.2002,27.2402,40.7265,24.5540373,30429.0898,12256.0918
31.0117,15513.7119,26.086,27.4229,41.2696,24.23091089,30470.3594,12297.3614
29.7158,15543.4277,26.083,27.0635,40.0293,24.9817009,30510.3887,12337.3907
30.2764,15573.7041,26.0303,26.8672,40.7734,24.52579378,30551.1621,12378.1641
29.1221,15602.8262,26.1035,27.0068,41.2031,24.27001852,30592.3652,12419.3672
29.3896,15632.2158,26.0528,27.1592,39.9922,25.00487595,30632.3574,12459.3594
30.2608,15662.4766,26.3389,26.7178,40.0508,24.96829027,30672.4082,12499.4102
28.7763,15691.2529,26.2099,26.7217,40.7441,24.54343083,30713.1523,12540.1543
29.6963,15720.9492,26.1699,27.4747,40.0137,24.99144043,30753.166,12580.168
30.5488,15751.498,26.1299,27.0957,40.6797,24.58228551,30793.8457,12620.8477
29.4454,15780.9434,26.3809,27.3574,41.4473,24.12702396,30835.293,12662.295
29.3779,15810.3213,26.0635,27.1777,41.1015,24.33001229,30876.3945,12703.3965
30.1269,15840.4482,26.3076,27.2549,41.0801,24.3426866,30917.4746,12744.4766
28.96,15869.4082,26.292,26.8613,40.8399,24.48585819,30958.3145,12785.3165
29.0674,15898.4756,26.0977,26.8428,40.3457,24.78578882,30998.6602,12825.6622
29.9971,15928.4727,26.2246,27.0322,40.6836,24.57992901,31039.3438,12866.3458
29.2627,15957.7354,26.251,27.1758,40.9062,24.44617197,31080.25,12907.252
29.5078,15987.2432,26.4366,27.2598,39.9668,25.02076724,31120.2168,12947.2188
30.2666,16017.5098,26.0976,27.1972,41.084,24.34037582,31161.3008,12988.3028
29.0449,16046.5547,26.2021,26.9229,40.5781,24.64383498,31201.8789,13028.8809
29.1025,16075.6572,26.6738,26.8702,40.8574,24.47537043,31242.7363,13069.7383
30.1739,16105.8311,26.2783,27.1484,42.5391,23.5077846,31285.2754,13112.2774
29.4863,16135.3174,26.1836,27.3359,41.0898,24.33694007,31326.3652,13153.3672
29.2627,16164.5801,26.3819,27.1016,40.125,24.92211838,31366.4902,13193.4922
29.8213,16194.4014,26.1846,26.8965,39.8555,25.09063994,31406.3457,13233.3477
29.1728,16223.5742,26.4375,27.0391,42.2969,23.6423946,31448.6426,13275.6446
28.8252,16252.3994,26.5098,26.5996,42.2187,23.68618645,31490.8613,13317.8633
29.7129,16282.1123,26.1201,26.669,40.5449,24.66401446,31531.4062,13358.4082
29.6065,16311.7188,26.0547,27.5225,41.2598,24.2366662,31572.666,13399.668
29.4394,16341.1582,26.2509,27.2539,41.6738,23.9958919,31614.3398,13441.3418
29.7969,16370.9551,26.3242,26.9522,39.6719,25.20675844,31654.0117,13481.0137
29.0781,16400.0332,25.9453,26.9766,40.5586,24.65568338,31694.5703,13521.5723
29.2422,16429.2754,26.0391,26.8301,39.8535,25.09189908,31734.4238,13561.4258
29.8867,16459.1621,26.5566,26.7422,40.6035,24.62841873,31775.0273,13602.0293
28.8613,16488.0234,26.209,26.6934,41.334,24.19315817,31816.3613,13643.3633
29.4336,16517.457,26.0137,27.2461,40.377,24.76657503,31856.7383,13683.7403
30.418,16547.875,26.3223,27.4551,41.3144,24.20463567,31898.0527,13725.0547
29.166,16577.041,26.2364,27.1015,42.7559,23.38858497,31940.8086,13767.8106
29.0899,16606.1309,26.0352,26.9043,40.8496,24.48004387,31981.6582,13808.6602
30.3906,16636.5215,26.2304,27.0762,41.8809,23.87723282,32023.5391,13850.5411
28.7578,16665.2793,26.0118,26.7051,40.8086,24.50463873,32064.3477,13891.3497
28.8203,16694.0996,26.1133,26.7032,42.5488,23.50242545,32106.8965,13933.8985
30.9141,16725.0137,27.1074,27.375,40.6582,24.59528459,32147.5547,13974.5567
29.4238,16754.4375,26.6016,27.4355,43.9355,22.76063775,32191.4902,14018.4922
29.1895,16783.627,26.0918,26.9844,41.9649,23.82943841,32233.4551,14060.4571
30.455,16814.082,25.9258,26.9648,43.6699,22.89906778,32277.125,14104.127
28.8262,16842.9082,26.6153,26.7715,40.8145,24.50109642,32317.9395,14144.9415
29.3555,16872.2637,26.1562,27.0507,41.5996,24.03869268,32359.5391,14186.5411
30.4648,16902.7285,26.1172,27.4336,41.0859,24.33925021,32400.625,14227.627
29.3106,16932.0391,26.334,27.2344,40.3672,24.77258765,32440.9922,14267.9942
29.1875,16961.2266,26.0977,26.9726,40.582,24.64146666,32481.5742,14308.5762
29.9668,16991.1934,26.1407,26.9024,41.8125,23.91629297,32523.3867,14350.3887
28.9707,17020.1641,26.2637,26.8593,40.1778,24.88936676,32563.5645,14390.5665
29.1464,17049.3105,26.2149,27.0469,41.3437,24.18748201,32604.9082,14431.9102
29.5489,17078.8594,26.0059,26.75,42.8027,23.36301215,32647.7109,14474.7129
29.2051,17108.0645,26.4843,27.1504,40.5079,24.68654263,32688.2188,14515.2208
29.3535,17137.418,26.5684,27.207,40.5332,24.67113379,32728.752,14555.754
29.8711,17167.2891,26.4649,26.8067,40.7519,24.53873316,32769.5039,14596.5059
29.3593,17196.6484,25.9512,27.291,40.8281,24.49293501,32810.332,14637.334
29.1914,17225.8398,26.4629,27.0879,40.2305,24.8567629,32850.5625,14677.5645
29.8379,17255.6777,26.416,26.8242,40.9219,24.43679301,32891.4844,14718.4864
29.418,17285.0957,26.125,27.3242,39.8008,25.12512311,32931.2852,14758.2872
29.5137,17314.6094,26.6446,27.291,41.621,24.02633286,32972.9062,14799.9082
30.2344,17344.8438,26.0429,27.1621,41.129,24.31374456,33014.0352,14841.0372
28.9335,17373.7773,26.1992,26.8613,41.4726,24.11230547,33055.5078,14882.5098
29.3965,17403.1738,26.8028,27.2168,40.4922,24.69611431,33096,14923.002
30.2793,17433.4531,25.9042,27.2715,40.7031,24.56815329,33136.7031,14963.7051
29,17462.4531,26.0488,26.8809,40.2696,24.83262809,33176.9727,15003.9747
29.5938,17492.0469,26.3711,27.3399,40.832,24.49059561,33217.8047,15044.8067
30.2363,17522.2832,26.2695,27.2129,40.5391,24.66754319,33258.3438,15085.3458
29.3906,17551.6738,26.0117,27.2676,40.1874,24.88342117,33298.5312,15125.5332
29.3086,17580.9824,26.1504,27.0722,39.6876,25.19678691,33338.2188,15165.2208
29.9297,17610.9121,26.4844,27.0195,41.4257,24.13960416,33379.6445,15206.6465
29.1953,17640.1074,26.3457,27.0117,40.1914,24.88094468,33419.8359,15246.8379
29.2461,17669.3535,26.1641,26.9922,40.1719,24.89302224,33460.0078,15287.0098
30.4219,17699.7754,26.4824,27.1563,40.8516,24.47884538,33500.8594,15327.8614
29.7148,17729.4902,26.2539,27.1817,41.125,24.31610942,33541.9844,15368.9864
29.5684,17759.0586,26.0859,27.3555,40.1914,24.88094468,33582.1758,15409.1778
30.0039,17789.0625,26.5235,26.8282,40.7773,24.52344809,33622.9531,15449.9551
29.2402,17818.3027,26.6152,27.1133,40.0977,24.93908628,33663.0508,15490.0528
29.1407,17847.4434,26.5938,26.8496,40.8515,24.4789053,33703.9023,15530.9043
30.5586,17878.002,26.1308,27.0742,43.1211,23.19050303,33747.0234,15574.0254
29.3945,17907.3965,26.5352,27.2852,40.8946,24.45310628,33787.918,15614.92
29.3711,17936.7676,25.9453,27.1035,40.6484,24.60121432,33828.5664,15655.5684
29.7617,17966.5293,26.4707,26.873,42.0274,23.79400106,33870.5938,15697.5958
29.1484,17995.6777,26.459,27.043,40.3242,24.79900407,33910.918,15737.92
29.0879,18024.7656,26.1211,26.8145,40.0273,24.98294914,33950.9453,15777.9473
29.8535,18054.6191,26.0722,26.8398,41.2617,24.23555016,33992.207,15819.209
29.3106,18083.9297,26.1738,26.7989,40.6172,24.62011168,34032.8242,15859.8262
29.5976,18113.5273,26.2109,27.3086,42.4375,23.5640648,34075.2617,15902.2637
30.3028,18143.8301,26.0918,27.1972,41.1602,24.29531441,34116.4219,15943.4239
29.1679,18172.998,26.0703,27.1016,41.957,23.83392521,34158.3789,15985.3809
29.2286,18202.2266,26.6836,26.8301,40.3359,24.79181077,34198.7148,16025.7168
29.9922,18232.2188,26.375,26.9395,41.375,24.16918429,34240.0898,16067.0918
28.9179,18261.1367,26.0723,26.8105,40.5704,24.64851222,34280.6602,16107.6622
28.9375,18290.0742,26.4238,26.8028,40.4218,24.73912592,34321.082,16148.084
30.3457,18320.4199,26.3222,27.3887,40.9063,24.44611221,34361.9883,16188.9903
29.3438,18349.7637,26.293,27.2324,39.9609,25.02446141,34401.9492,16228.9512
29.2402,18379.0039,26.3907,26.8985,40.336,24.79174931,34442.2852,16269.2872
30.0703,18409.0742,26.0644,27.0039,43.3281,23.0797104,34485.6133,16312.6153
29.5176,18438.5918,26.0293,27.4004,40.4805,24.70325218,34526.0938,16353.0958
28.8633,18467.4551,26.5391,26.7382,40.4765,24.70569343,34566.5703,16393.5723
29.6953,18497.1504,26.4434,26.8536,41.168,24.29071123,34607.7383,16434.7403
29.1758,18526.3262,26.3047,27.1758,40.3125,24.80620155,34648.0508,16475.0528
29.5761,18555.9023,26.2109,27.3008,40.9375,24.42748092,34688.9883,16515.9903
29.8594,18585.7617,26.5664,26.9102,40.6211,24.61774792,34729.6094,16556.6114
28.7637,18614.5254,26.4083,26.8106,40.4687,24.71045524,34770.0781,16597.0801
29.125,18643.6504,26.0879,27.0019,41.2071,24.26766261,34811.2852,16638.2872
29.8437,18673.4941,26.8301,27.0449,41.496,24.09870831,34852.7812,16679.7832
29.1211,18702.6152,26.6231,27.1133,40.1602,24.9002744,34892.9414,16719.9434
29.3047,18731.9199,26.4121,27.1133,41.2578,24.23784109,34934.1992,16761.2012
30.5293,18762.4492,26.7657,27.3613,41.875,23.88059701,34976.0742,16803.0762
29.1758,18791.625,26.2597,27.1367,40.8399,24.48585819,35016.9141,16843.9161
29.1465,18820.7715,25.9063,27.168,39.6953,25.19189929,35056.6094,16883.6114
29.9883,18850.7598,26.252,27.1386,42.2812,23.65117357,35098.8906,16925.8926
28.832,18879.5918,26.0762,26.8574,41.4766,24.10998009,35140.3672,16967.3692
29.7187,18909.3105,26.1055,27.4317,41.664,24.0015361,35182.0312,17009.0332
30.5918,18939.9023,26.3653,27.3281,41.3243,24.198837,35223.3555,17050.3575
29.0313,18968.9336,26.5371,27.0019,39.7734,25.14243188,35263.1289,17090.1309
28.9238,18997.8574,26.0762,26.8086,40.7383,24.54692513,35303.8672,17130.8692
30.5703,19028.4277,26.0469,27.3808,42.8516,23.3363515,35346.7188,17173.7208
29.252,19057.6797,26.418,27.2383,40.6289,24.61302177,35387.3477,17214.3497
29.2949,19086.9746,26.1289,26.998,40.6328,24.61065937,35427.9805,17254.9825
30.0078,19116.9824,25.9512,26.9433,41.6328,24.01952307,35469.6133,17296.6153
29.0117,19145.9941,26.4063,26.9434,40.9805,24.40184966,35510.5938,17337.5958
28.959,19174.9531,26.6269,26.7754,39.8437,25.09807071,35550.4375,17377.4395
30.2793,19205.2324,26.0664,27.3965,40.9492,24.4205015,35591.3867,17418.3887
29.4785,19234.7109,26.3496,27.2812,40.9531,24.41817591,35632.3398,17459.3418
29.3809,19264.0918,26.6699,27.0782,40.5938,24.63430376,35672.9336,17499.9356
29.877,19293.9688,26.6465,26.8183,41.5469,24.06918446,35714.4805,17541.4825
29.33,19323.2988,26.293,27.2754,41.7148,23.97230719,35756.1953,17583.1973
29.2989,19352.5977,26.4316,27.205,40.8242,24.49527486,35797.0195,17624.0215
29.9687,19382.5664,26.2011,27.0586,42.293,23.64457475,35839.3125,17666.3145
28.9024,19411.4688,26.0605,26.8457,40.9648,24.41120181,35880.2773,17707.2793
29.1816,19440.6504,26.6328,26.8574,40.4883,24.69849314,35920.7656,17747.7676
29.8594,19470.5098,26.1738,26.8476,42.6133,23.4668519,35963.3789,17790.3809
29.4668,19499.9766,26.4551,27.4512,39.9766,25.01463356,36003.3555,17830.3575
29.2226,19529.1992,26.7207,27.0996,42.1953,23.69932196,36045.5508,17872.5528
30.0059,19559.2051,26.5059,27.0606,40.6797,24.58228551,36086.2305,17913.2325
29.1543,19588.3594,25.9687,27.0273,40.3828,24.76301792,36126.6133,17953.6153
29.3515,19617.7109,25.9473,27.0703,40.5664,24.65094265,36167.1797,17994.1817
29.8399,19647.5508,26.4668,26.8633,41.3125,24.20574887,36208.4922,18035.4942
29.5293,19677.0801,26.3457,27.5078,40.6758,24.58464247,36249.168,18076.17
29.5117,19706.5918,26.166,27.3008,40.2968,24.81586627,36289.4648,18116.4668
30.4102,19737.002,26.4297,27.2559,41.5118,24.08953599,36330.9766,18157.9786
28.9472,19765.9492,26.1113,26.8868,40.1523,24.90517355,36371.1289,18198.1309
28.9278,19794.877,26.4414,26.623,40.4805,24.70325218,36411.6094,18238.6114
29.9511,19824.8281,26.5859,26.9082,41.0234,24.37633156,36452.6328,18279.6348
28.7969,19853.625,26.2461,26.7695,40.3477,24.78456021,36492.9805,18319.9825
28.7832,19882.4082,26.0664,26.6387,40.9062,24.44617197,36533.8867,18360.8887
30.1211,19912.5293,26.4961,27.1406,40.7266,24.55397701,36574.6133,18401.6153
29.2812,19941.8105,26.2558,27.1855,40.6367,24.60829743,36615.25,18442.252
29.5547,19971.3652,26.1269,27.2539,40.8164,24.4999559,36656.0664,18483.0684
30.2637,20001.6289,26.3496,26.9355,41.5859,24.04661195,36697.6523,18524.6543
29.1094,20030.7383,26.4941,27.0879,40.7461,24.54222613,36738.3984,18565.4004
28.8574,20059.5957,26.1778,26.7422,40.6641,24.59171603,36779.0625,18606.0645
30.8691,20090.4648,26.1425,27.3046,41.1875,24.27921093,36820.25,18647.252
29.5215,20119.9863,26.4472,27.4746,41.2148,24.26312878,36861.4648,18688.4668
29.209,20149.1953,26.0879,26.8808,40.5782,24.64377424,36902.043,18729.045
30.0547,20179.25,26.2031,26.9746,41.375,24.16918429,36943.418,18770.42
28.9883,20208.2383,26.3945,26.9395,39.9804,25.01225601,36983.3984,18810.4004
29.3027,20237.541,26.5274,27.1133,40.0352,24.97801934,37023.4336,18850.4356
30.1992,20267.7402,26.0039,27.3379,40.8476,24.48124247,37064.2812,18891.2832
29.1055,20296.8457,26.3613,27.0508,40.418,24.74145183,37104.6992,18931.7012
29.2871,20326.1328,26.3789,27.1387,40.5742,24.64620375,37145.2734,18972.2754
29.7637,20355.8965,26.2851,26.8789,42.5078,23.52509422,37187.7812,19014.7832
29.1445,20385.041,26.3476,26.9843,39.8399,25.10046461,37227.6211,19054.6231
29.1992,20414.2402,26.5566,27.0332,40.2656,24.83509497,37267.8867,19094.8887
29.8594,20444.0996,26.2519,26.9297,41.2031,24.27001852,37309.0898,19136.0918
29.3633,20473.4629,26.1426,27.2929,40.4063,24.74861593,37349.4961,19176.4981
29.4004,20502.8633,26.2461,27.2109,40.5898,24.6367314,37390.0859,19217.0879
30.2793,20533.1426,25.9453,27.2168,41.7422,23.95657153,37431.8281,19258.8301
28.7597,20561.9023,26.3047,26.7695,40.3867,24.76062664,37472.2148,19299.2168
29.2481,20591.1504,26.4824,27.0312,40.1954,24.87846868,37512.4102,19339.4122
29.9082,20621.0586,26.1015,27.0488,42.8007,23.36410386,37555.2109,19382.2129
29.0801,20650.1387,26.2637,26.9688,40.3789,24.76540966,37595.5898,19422.5918
29.7285,20679.8672,26.2969,27.3125,40.0157,24.99019135,37635.6055,19462.6075
29.8183,20709.6855,26.6015,27.1113,41.2578,24.23784109,37676.8633,19503.8653
29.0977,20738.7832,26.3672,27.1094,40.1992,24.87611694,37717.0625,19544.0645
29.0469,20767.8301,26.3789,26.914,41.0703,24.34849514,37758.1328,19585.1348
29.9258,20797.7559,26.4785,27.1817,40.9922,24.39488488,37799.125,19626.127
29.3515,20827.1074,26.3418,27.2285,40.2852,24.82301192,37839.4102,19666.4122
29.4317,20856.5391,26.3144,27.1601,40.1523,24.90517355,37879.5625,19706.5645
30.7285,20887.2676,26.3809,26.8438,40.543,24.66517031,37920.1055,19747.1075
29.125,20916.3926,26.33,27.086,40.8047,24.50698081,37960.9102,19787.9122
28.8613,20945.2539,26.1465,26.8047,40.1015,24.93672307,38001.0117,19828.0137
30.8164,20976.0703,26.3926,27.4726,40.375,24.76780186,38041.3867,19868.3887
29.3809,21005.4512,26.5528,27.3222,40.3906,24.75823583,38081.7773,19908.7793
29.5898,21035.041,26.1914,27.207,40.9532,24.41811629,38122.7305,19949.7325
30.459,21065.5,26.1445,27.0762,40.5312,24.67235118,38163.2617,19990.2637
28.873,21094.373,26.5703,26.8633,,,,
29.3243,21123.6973,25.9942,27.1348,,,,
29.7715,21153.4688,26.1113,26.918,,,,
29.5,21182.9688,26.666,27.4356,,,,
29.5214,21212.4902,26,27.1915,,,,
30.293,21242.7832,26.1582,27.2539,,,,
29.1035,21271.8867,26.4336,27.0449,,,,
29.1094,21300.9961,26.5312,27.0254,,,,
29.8711,21330.8672,26.3085,27.127,,,,
28.8711,21359.7383,26.4434,26.8457,,,,
29.5859,21389.3242,26.4766,27.2832,,,,
29.9512,21419.2754,26.4082,26.9492,,,,
29.2246,21448.5,26.0039,27.0117,,,,
28.9941,21477.4941,26.4785,26.916,,,,
29.9844,21507.4785,26.2207,27.2071,,,,
29.2149,21536.6934,26.291,27.2109,,,,
29.5839,21566.2773,26.3262,27.2364,,,,
30.2598,21596.5371,26.2227,27.3496,,,,
28.9297,21625.4668,26.1718,26.8457,,,,
28.9629,21654.4297,26.584,26.8418,,,,
29.9394,21684.3691,26.4199,27.1816,,,,
29.2227,21713.5918,26.1289,27.2129,,,,
29.2227,21742.8145,26.2422,26.9043,,,,
29.6621,21772.4766,26.834,26.8301,,,,
29.4257,21801.9023,26.5195,27.4043,,,,
29.3282,21831.2305,26.0996,27.1699,,,,
29.8496,21861.0801,26.4726,26.9844,,,,
29.3887,21890.4688,26.7109,27.3262,,,,
29.2832,21919.752,26.1523,27.0957,,,,
29.8906,21949.6426,26.4219,26.8008,,,,
29.7793,21979.4219,26.0781,27.7109,,,,
29.2754,22008.6973,26.0137,27.2696,,,,
29.8047,22038.502,26.4297,27.0703,,,,
29.0371,22067.5391,26.5606,26.9629,,,,
29.1035,22096.6426,25.871,26.8242,,,,
29.916,22126.5586,26.7383,26.7539,,,,
29.3008,22155.8594,26.8164,27.2129,,,,
29.4336,22185.293,26.2402,27.291,,,,
30.4043,22215.6973,26.0899,27.2227,,,,
28.83,22244.5273,26.7617,26.7714,,,,
29.2207,22273.748,25.9454,27.0372,,,,
29.6739,22303.4219,26.0136,26.8301,,,,
28.8496,22332.2715,26.248,26.8828,,,,
29.2578,22361.5293,26.3652,27.2441,,,,
29.8223,22391.3516,25.9512,27.0176,,,,
29.4804,22420.832,26.4765,27.3086,,,,
29.1348,22449.9668,26.1797,26.707,,,,
29.7695,22479.7363,26.0567,26.8164,,,,
28.9141,22508.6504,26.3535,26.9082,,,,
29.0293,22537.6797,26.3633,26.9258,,,,
30.1836,22567.8633,26.3008,27.3125,,,,
29.2578,22597.1211,26.3008,27.25,,,,
29.2656,22626.3867,26.6348,27.084,,,,
29.6231,22656.0098,26.1504,26.8028,,,,
29.1464,22685.1562,26.0137,27.2285,,,,
29.2071,22714.3633,26.5235,27.1289,,,,
30.0429,22744.4062,26.2305,27.1114,,,,
29.0567,22773.4629,26.039,27.1055,,,,
29.0742,22802.5371,26.6816,26.9356,,,,
29.6016,22832.1387,26.4649,26.8086,,,,
29.5488,22861.6875,26.1445,27.6231,,,,
29.209,22890.8965,26.418,27.1601,,,,
29.7207,22920.6172,26.3828,26.9453,,,,
28.9629,22949.5801,26.2578,26.7969,,,,
29.1855,22978.7656,26.0567,26.9238,,,,
29.836,23008.6016,26.4551,27.043,,,,
29.5234,23038.125,26.7696,27.3106,,,,
29.4434,23067.5684,26.2637,27.3496,,,,
30.2695,23097.8379,26.4589,27.2305,,,,
28.8672,23126.7051,26.1133,26.9121,,,,
28.9961,23155.7012,26.1563,26.8398,,,,
29.9121,23185.6133,26.3379,26.9434,,,,
28.8242,23214.4375,26.3907,26.8828,,,,
29.4609,23243.8984,26.0039,27.2422,,,,
30.7891,23274.6875,26.4942,27.6641,,,,
29.3301,23304.0176,26.1738,27.2188,,,,
29.3398,23333.3574,26.1719,27.0293,,,,
30.6953,23364.0527,26.2695,27.1113,,,,
29.1446,23393.1973,26.4512,27.0996,,,,
28.9472,23422.1445,25.8418,26.9219,,,,
30.1309,23452.2754,26.0684,27.3184,,,,
29.3672,23481.6426,26.291,27.2305,,,,
28.9629,23510.6055,26.0371,26.7227,,,,
30.0136,23540.6191,26.4766,27.0977,,,,
29.2344,23569.8535,26.5645,27.1992,,,,
29.2246,23599.0781,26.1113,27.1348,,,,
30.0137,23629.0918,26.0156,27.1191,,,,
28.998,23658.0898,26.416,26.875,,,,
29.4082,23687.498,26.627,27.0781,,,,
29.5684,23717.0664,26.6817,26.7539,,,,
29.2109,23746.2773,26.1797,27.2305,,,,
29.2422,23775.5195,26.6074,27.1269,,,,
30.1641,23805.6836,26.291,27.3848,,,,
28.8887,23834.5723,26.0312,26.8828,,,,
29.3515,23863.9238,26.5567,27.1875,,,,
29.6465,23893.5703,26.25,26.9629,,,,
29.3711,23922.9414,26.0801,27.3223,,,,
29.5488,23952.4902,26.7637,27.5293,,,,
30.1153,23982.6055,26.1133,27.293,,,,
29.1015,24011.707,26.0371,26.9942,,,,
29.2852,24040.9922,25.9082,27.1075,,,,
29.8691,24070.8613,26.834,27.0254,,,,
28.7461,24099.6074,26.4395,26.7656,,,,
29.127,24128.7344,26.0313,27.0703,,,,
30.0215,24158.7559,26.7402,27.1797,,,,
29.4961,24188.252,26.2988,27.496,,,,
29.1113,24217.3633,26.0254,26.9961,,,,
30.0039,24247.3672,26.7207,26.916,,,,
28.9082,24276.2754,26.2402,26.9883,,,,
28.8125,24305.0879,26.2383,26.7421,,,,
30.4902,24335.5781,26.5683,27.4805,,,,
29.5254,24365.1035,26.3692,27.3378,,,,
29.1914,24394.2949,25.9629,27.0586,,,,
30.0742,24424.3691,26.2539,27.1269,,,,
28.9903,24453.3594,26.5254,26.9864,,,,
29.1523,24482.5117,26.3691,27.1015,,,,
30.8711,24513.3828,26.1914,27.4122,,,,
29.4981,24542.8809,26.4336,27.3613,,,,
29.2461,24572.127,26.2422,27.1153,,,,
29.6152,24601.7422,25.9883,26.8164,,,,
29.0039,24630.7461,26.3125,27.0449,,,,
29.1152,24659.8613,25.9043,27.1465,,,,
29.6973,24689.5586,26.4062,26.8418,,,,
29.5195,24719.0781,26.375,27.2656,,,,
29.2989,24748.377,26.125,27.0586,,,,
30.2089,24778.5859,26.1465,27.3086,,,,
28.8672,24807.4531,26.7949,27.0351,,,,
28.9649,24836.418,26.6211,26.9121,,,,
29.9746,24866.3926,26.1993,27.1777,,,,
28.9648,24895.3574,26.2637,26.8281,,,,
29.3614,24924.7188,26.4571,27.2207,,,,
30.0195,24954.7383,26.2989,27.3223,,,,
29.0547,24983.793,26.0391,27.0059,,,,
29.1113,25012.9043,26.6523,27.045,,,,
29.9492,25042.8535,26.5,27.2265,,,,
29.4004,25072.2539,26.0742,27.3574,,,,
29.0117,25101.2656,26.3574,27.0391,,,,
29.7871,25131.0527,26.25,27.0059,,,,
29.2657,25160.3184,26.3496,27.1035,,,,
29.2089,25189.5273,26.4375,26.9844,,,,
30.5137,25220.041,26.6621,27.541,,,,
29.3613,25249.4023,26.6074,27.3418,,,,
29.0899,25278.4922,26.0137,26.9766,,,,
30.0937,25308.5859,26.7227,27.2422,,,,
29.3575,25337.9434,26.1231,27.3144,,,,
29.3086,25367.252,26.0625,27.2032,,,,
30.3964,25397.6484,26.5664,27.3184,,,,
29.1758,25426.8242,26.1015,27.0527,,,,
29.0977,25455.9219,26.0898,27.0195,,,,
30.4277,25486.3496,26.8868,26.957,,,,
29.3047,25515.6543,26.3711,27.3476,,,,
29.5742,25545.2285,26.3613,27.4531,,,,
30.8926,25576.1211,26.3671,27.0938,,,,
29.0957,25605.2168,26.4121,27.0566,,,,
29.1445,25634.3613,26.1719,27.0274,,,,
29.7364,25664.0977,26.0078,26.9903,,,,
29.2461,25693.3438,26.5156,27.3027,,,,
29.3437,25722.6875,26.4687,27.1953,,,,
30.002,25752.6895,26.0684,27.207,,,,
29.2128,25781.9023,26.4765,27.1328,,,,
29.1094,25811.0117,26.1055,26.9668,,,,
30.0528,25841.0645,26.1777,27.3105,,,,
29.0039,25870.0684,26.3125,26.9785,,,,
29.2168,25899.2852,26.4102,27.1504,,,,
29.9003,25929.1855,26.539,27.084,,,,
29.2364,25958.4219,26.4805,27.045,,,,
29.1211,25987.543,26.414,26.8554,,,,
29.9043,26017.4473,26.2285,27.1582,,,,
29.2734,26046.7207,26.2695,27.2988,,,,
28.8848,26075.6055,26.5175,26.8418,,,,
29.7949,26105.4004,26.2461,26.8848,,,,
29.3359,26134.7363,26.0175,27.1504,,,,
29.1934,26163.9297,26.5489,27.0234,,,,
30.0039,26193.9336,26.2305,27.2715,,,,
29.3203,26223.2539,26.166,27.3809,,,,
29.3496,26252.6035,26.3886,27.2168,,,,
29.9942,26282.5977,26.5879,27.1582,,,,
29.3632,26311.9609,26.3867,27.2149,,,,
29.334,26341.2949,26.1933,27.2539,,,,
29.8203,26371.1152,26.6269,26.9824,,,,
29.0938,26400.209,26.1856,26.9942,,,,
29.0078,26429.2168,26.0508,26.8867,,,,
29.8613,26459.0781,26.6993,26.8046,,,,
29.4199,26488.498,26.5762,27.1914,,,,
29.2071,26517.7051,26.6777,27.1836,,,,
31.0019,26548.707,26.2988,27.4941,,,,
28.7989,26577.5059,26.3105,26.8476,,,,
29.1464,26606.6523,25.8672,27.0019,,,,
29.9473,26636.5996,26.3223,26.9043,,,,
28.8359,26665.4355,26.3574,26.7285,,,,
29.3204,26694.7559,26.4532,27.0762,,,,
31.0996,26725.8555,26.416,27.4726,,,,
29.1289,26754.9844,26.5234,27.2089,,,,
29.1758,26784.1602,26.4062,27.0098,,,,
30.0332,26814.1934,26.0879,26.9746,,,,
29.3203,26843.5137,26.1387,27.0137,,,,
29.2539,26872.7676,25.875,27.0528,,,,
30.0156,26902.7832,26.0958,27.211,,,,
29.1367,26931.9199,26.2911,27.1699,,,,
29.1953,26961.1152,26.4766,27.0313,,,,
29.7559,26990.8711,26.1953,26.9258,,,,
29.3535,27020.2246,26.4844,27.2481,,,,
29.0977,27049.3223,26.4141,27.0137,,,,
29.7324,27079.0547,26.6406,26.9688,,,,
29.5215,27108.5762,26.4707,27.2266,,,,
29.457,27138.0332,26.6524,27.4434,,,,
30.0996,27168.1328,26.5566,27.1328,,,,
29.082,27197.2148,25.955,26.9883,,,,
29.2071,27226.4219,26.6035,27.0566,,,,
29.7715,27256.1934,26.0489,26.8946,,,,
29.1445,27285.3379,25.9805,27.2149,,,,
29.4941,27314.832,26.1641,27.2988,,,,
30.2305,27345.0625,25.9746,27.2832,,,,
29.166,27374.2285,26.1993,27.0254,,,,
29.2578,27403.4863,26.2441,27.1406,,,,
29.9395,27433.4258,26.7343,27.1211,,,,
28.9121,27462.3379,26.2011,26.8868,,,,
29.7832,27492.1211,25.8183,27.6777,,,,
30.6855,27522.8066,26.4922,27.4492,,,,
29.3301,27552.1367,26.1465,27.1875,,,,
29.166,27581.3027,26.0117,26.9942,,,,
30.1661,27611.4688,26.4825,27.1309,,,,
29.5332,27641.002,26.1973,27.1777,,,,
29.4082,27670.4102,26.0625,27.2012,,,,
30.5293,27700.9395,26.4043,26.8379,,,,
29.457,27730.3965,26.4648,27.2422,,,,
29.1133,27759.5098,26.127,27.0195,,,,
30.291,27789.8008,26.0683,27.168,,,,
29.0898,27818.8906,26.3106,27.0078,,,,
29.461,27848.3516,25.9317,27.1855,,,,
34.9511,27883.3027,25.9492,31.7539,,,,
627.2422,28510.5449,26.7089,52.3067,,,,
40.7754,28551.3203,33.959,38.0801,,,,
41.1289,28592.4492,34.041,38.4082,,,,
41.5606,28634.0098,34.7793,38.1778,,,,
39.7304,28673.7402,34.2618,37.4882,,,,
40.3125,28714.0527,35.1816,37.9512,,,,
40.7539,28754.8066,34.9844,37.6777,,,,
40.4571,28795.2637,34.8321,38.1973,,,,
40.0801,28835.3438,34.6054,37.832,,,,
41.5156,28876.8594,35.0468,37.8985,,,,
40.914,28917.7734,34.7636,38.7266,,,,
40.1211,28957.8945,34.541,37.7636,,,,
40.9825,28998.877,35.0821,37.9062,,,,
42.3535,29041.2305,34.7735,40.2461,,,,
40.3554,29081.5859,34.6485,37.8106,,,,
41.4746,29123.0605,35.1016,38.209,,,,
40.8692,29163.9297,34.4707,38.6914,,,,
42.2754,29206.2051,34.9004,40.0234,,,,
40.5254,29246.7305,34.8555,37.4062,,,,
40.6523,29287.3828,34.4453,38.2285,,,,
39.9453,29327.3281,34.8848,37.4824,,,,
41.2774,29368.6055,34.8339,38.1387,,,,
40.4648,29409.0703,34.4063,38.1562,,,,
40.5567,29449.627,34.9747,38.2891,,,,
41.7968,29491.4238,34.8183,38.1973,,,,
41.1231,29532.5469,34.4727,38.7031,,,,
39.748,29572.2949,34.8046,37.5391,,,,
41.5137,29613.8086,34.7598,38.1797,,,,
40.1914,29654,34.4942,37.8516,,,,
40.5332,29694.5332,34.8574,38.2188,,,,
42.5938,29737.127,34.8437,39.623,,,,
39.9257,29777.0527,34.4063,37.791,,,,
40.3672,29817.4199,34.8359,38.1133,,,,
41.377,29858.7969,34.7422,37.9375,,,,
41.9863,29900.7832,34.8418,39.8652,,,,
39.9336,29940.7168,34.8379,37.7637,,,,
41.1523,29981.8691,34.4238,38.2226,,,,
39.8497,30021.7188,35.0743,37.6407,,,,
40.9433,30062.6621,34.9375,38.7539,,,,
40.6914,30103.3535,34.5058,37.8203,,,,
40.3731,30143.7266,34.9824,38.2441,,,,
40.9453,30184.6719,34.791,38.6407,,,,
40.8711,30225.543,34.3906,37.8242,,,,
39.9668,30265.5098,35.2422,37.918,,,,
41.0351,30306.5449,34.875,38.8653,,,,
41.6797,30348.2246,34.4883,38.666,,,,
40.1387,30388.3633,34.7871,37.9648,,,,
40.7265,30429.0898,34.7832,38.5235,,,,
41.2696,30470.3594,34.4121,37.8438,,,,
40.0293,30510.3887,34.7539,37.9688,,,,
40.7734,30551.1621,34.8105,38.502,,,,
41.2031,30592.3652,34.3496,38.252,,,,
39.9922,30632.3574,34.9043,37.9121,,,,
40.0508,30672.4082,34.7422,37.8301,,,,
40.7441,30713.1523,34.4786,37.7089,,,,
40.0137,30753.166,34.7597,37.8789,,,,
40.6797,30793.8457,34.914,38.4902,,,,
41.4473,30835.293,34.5117,38.5371,,,,
41.1015,30876.3945,35.0137,38.8614,,,,
41.0801,30917.4746,34.8398,38.6543,,,,
40.8399,30958.3145,34.2949,37.9063,,,,
40.3457,30998.6602,34.8457,38.2071,,,,
40.6836,31039.3438,34.7363,38.4414,,,,
40.9062,31080.25,34.1777,37.8672,,,,
39.9668,31120.2168,34.8887,37.7988,,,,
41.084,31161.3008,34.8438,38.8242,,,,
40.5781,31201.8789,34.4063,37.6524,,,,
40.8574,31242.7363,34.9687,38.5684,,,,
42.5391,31285.2754,34.8125,40.1816,,,,
41.0898,31326.3652,34.3672,38.1855,,,,
40.125,31366.4902,34.7812,37.9903,,,,
39.8555,31406.3457,34.6523,37.5313,,,,
42.2969,31448.6426,34.3164,39.125,,,,
42.2187,31490.8613,34.8711,39.8379,,,,
40.5449,31531.4062,34.3614,38.2929,,,,
41.2598,31572.666,35.041,38.2226,,,,
41.6738,31614.3398,34.9004,39.4434,,,,
39.6719,31654.0117,34.3946,37.3691,,,,
40.5586,31694.5703,34.8555,37.6309,,,,
39.8535,31734.4238,34.8223,37.7246,,,,
40.6035,31775.0273,34.3985,38.0879,,,,
41.334,31816.3613,34.7598,38.2481,,,,
40.377,31856.7383,34.7129,38.1426,,,,
41.3144,31898.0527,34.5762,39.0059,,,,
42.7559,31940.8086,34.8457,39.6407,,,,
40.8496,31981.6582,34.9707,38.5273,,,,
41.8809,32023.5391,34.4688,39.5938,,,,
40.8086,32064.3477,35.0801,37.8965,,,,
42.5488,32106.8965,34.4863,40.3554,,,,
40.6582,32147.5547,34.6133,38.1485,,,,
43.9355,32191.4902,34.8926,39.9375,,,,
41.9649,32233.4551,34.459,39.7871,,,,
43.6699,32277.125,34.8711,40.4668,,,,
40.8145,32317.9395,34.3868,38.1758,,,,
41.5996,32359.5391,34.8731,39.2129,,,,
41.0859,32400.625,34.6797,38.0664,,,,
40.3672,32440.9922,34.6172,38.2539,,,,
40.582,32481.5742,34.7208,38.0625,,,,
41.8125,32523.3867,34.9219,38.7227,,,,
40.1778,32563.5645,34.5196,38.041,,,,
41.3437,32604.9082,34.9493,39.0625,,,,
42.8027,32647.7109,34.9296,39.6778,,,,
40.5079,32688.2188,34.8867,38.2637,,,,
40.5332,32728.752,34.9219,38.2852,,,,
40.7519,32769.5039,34.3437,37.7715,,,,
40.8281,32810.332,35.0195,38.5937,,,,
40.2305,32850.5625,34.8633,37.8008,,,,
40.9219,32891.4844,34.4766,37.9063,,,,
39.8008,32931.2852,35.0938,37.6094,,,,
41.621,32972.9062,34.6953,39.3516,,,,
41.129,33014.0352,34.3867,37.7852,,,,
41.4726,33055.5078,35.082,39.2422,,,,
40.4922,33096,34.9297,38.2304,,,,
40.7031,33136.7031,34.5782,37.75,,,,
40.2696,33176.9727,34.8359,37.9531,,,,
40.832,33217.8047,34.7227,38.4687,,,,
40.5391,33258.3438,34.3554,37.5938,,,,
40.1874,33298.5312,34.7578,38.086,,,,
39.6876,33338.2188,34.8945,37.4414,,,,
41.4257,33379.6445,34.5625,38.164,,,,
40.1914,33419.8359,35.1016,38.0273,,,,
40.1719,33460.0078,34.7383,37.9649,,,,
40.8516,33500.8594,34.4219,37.8632,,,,
41.125,33541.9844,34.9062,38.8164,,,,
40.1914,33582.1758,34.7539,37.8867,,,,
40.7773,33622.9531,34.5664,37.9101,,,,
40.0977,33663.0508,34.9023,37.9805,,,,
40.8515,33703.9023,34.9336,38.4063,,,,
43.1211,33747.0234,34.5664,40.0898,,,,
40.8946,33787.918,35.1016,38.7969,,,,
40.6484,33828.5664,34.9336,38.4375,,,,
42.0274,33870.5938,34.4453,38.7539,,,,
40.3242,33910.918,34.7539,38.043,,,,
40.0273,33950.9453,34.418,37.7461,,,,
41.2617,33992.207,34.4297,38.3633,,,,
40.6172,34032.8242,35.0234,38.4062,,,,
42.4375,34075.2617,34.8164,40.0039,,,,
41.1602,34116.4219,34.6836,38.2852,,,,
41.957,34158.3789,34.8516,39.8359,,,,
40.3359,34198.7148,34.4258,37.8711,,,,
41.375,34240.0898,34.7657,38.086,,,,
40.5704,34280.6602,34.707,38.3828,,,,
40.4218,34321.082,34.3789,38.1914,,,,
40.9063,34361.9883,35.0468,37.9375,,,,
39.9609,34401.9492,34.8047,37.7617,,,,
40.336,34442.2852,34.6524,37.9453,,,,
43.3281,34485.6133,35.0508,40.3204,,,,
40.4805,34526.0938,34.6641,38.3164,,,,
40.4765,34566.5703,34.5117,38.2461,,,,
41.168,34607.7383,34.6875,38.0039,,,,
40.3125,34648.0508,35.039,38.2227,,,,
40.9375,34688.9883,34.418,38.6718,,,,
40.6211,34729.6094,34.9023,37.5782,,,,
40.4687,34770.0781,34.7852,38.1446,,,,
41.2071,34811.2852,34.2383,38.7851,,,,
41.496,34852.7812,34.9219,38.5742,,,,
40.1602,34892.9414,34.9375,37.9844,,,,
41.2578,34934.1992,34.6016,38.9492,,,,
41.875,34976.0742,34.8007,38.5664,,,,
40.8399,35016.9141,34.4415,38.5547,,,,
39.6953,35056.6094,35.0196,37.5469,,,,
42.2812,35098.8906,34.9687,39.0703,,,,
41.4766,35140.3672,34.7461,39.2421,,,,
41.664,35182.0312,34.7344,39.4922,,,,
41.3243,35223.3555,35.0546,38.1992,,,,
39.7734,35263.1289,34.3711,37.7266,,,,
40.7383,35303.8672,34.8945,38.2891,,,,
42.8516,35346.7188,34.8164,38.7929,,,,
40.6289,35387.3477,34.4882,38.2969,,,,
40.6328,35427.9805,35.0078,38.418,,,,
41.6328,35469.6133,34.7109,38.4883,,,,
40.9805,35510.5938,34.4922,38.8359,,,,
39.8437,35550.4375,34.9062,37.5938,,,,
40.9492,35591.3867,34.6407,37.9531,,,,
40.9531,35632.3398,34.6602,38.7305,,,,
40.5938,35672.9336,34.7148,38.2422,,,,
41.5469,35714.4805,34.4805,38.3867,,,,
41.7148,35756.1953,34.711,39.6328,,,,
40.8242,35797.0195,34.7734,38.6172,,,,
42.293,35839.3125,34.4571,39.2383,,,,
40.9648,35880.2773,34.9844,38.7735,,,,
40.4883,35920.7656,34.8242,38.3164,,,,
42.6133,35963.3789,34.3398,39.6446,,,,
39.9766,36003.3555,34.8164,37.7031,,,,
42.1953,36045.5508,34.5312,39.9883,,,,
40.6797,36086.2305,34.3945,37.7696,,,,
40.3828,36126.6133,34.9335,38.3047,,,,
40.5664,36167.1797,34.5391,38.2304,,,,
41.3125,36208.4922,34.5938,38.2578,,,,
40.6758,36249.168,34.9101,38.5156,,,,
40.2968,36289.4648,34.6562,37.9688,,,,
41.5118,36330.9766,34.875,38.4258,,,,
40.1523,36371.1289,34.9492,37.8945,,,,
40.4805,36411.6094,34.3789,38.2578,,,,
41.0234,36452.6328,35.0156,38.0937,,,,
40.3477,36492.9805,34.7187,38.2734,,,,
40.9062,36533.8867,34.9063,38.4688,,,,
40.7266,36574.6133,34.5546,37.7891,,,,
40.6367,36615.25,34.8711,38.543,,,,
40.8164,36656.0664,34.7383,38.6562,,,,
41.5859,36697.6523,34.9804,38.582,,,,
40.7461,36738.3984,34.7344,38.5312,,,,
40.6641,36779.0625,34.3906,38.5156,,,,
41.1875,36820.25,34.836,38.3086,,,,
41.2148,36861.4648,34.9141,39.0234,,,,
40.5782,36902.043,34.3554,38.2266,,,,
41.375,36943.418,35.0274,38.5234,,,,
39.9804,36983.3984,34.7852,37.8945,,,,
40.0352,37023.4336,34.5039,37.836,,,,
40.8476,37064.2812,34.8633,37.7617,,,,
40.418,37104.6992,34.6875,38.1406,,,,
40.5742,37145.2734,34.414,38.1211,,,,
42.5078,37187.7812,34.9297,39.4843,,,,
39.8399,37227.6211,34.7851,37.5742,,,,
40.2656,37267.8867,34.4649,38.0508,,,,
41.2031,37309.0898,34.8946,38.2813,,,,
40.4063,37349.4961,34.9141,38.2735,,,,
40.5898,37390.0859,34.6093,38.418,,,,
41.7422,37431.8281,34.9219,38.7071,,,,
40.3867,37472.2148,34.918,38.3321,,,,
40.1954,37512.4102,34.5507,38.1016,,,,
42.8007,37555.2109,35.004,39.8985,,,,
40.3789,37595.5898,34.8789,38.1289,,,,
40.0157,37635.6055,34.6875,37.7735,,,,
41.2578,37676.8633,34.8906,38.418,,,,
40.1992,37717.0625,34.8281,38.1407,,,,
41.0703,37758.1328,34.457,38.7227,,,,
40.9922,37799.125,34.9492,37.9922,,,,
40.2852,37839.4102,34.8242,38.1055,,,,
40.1523,37879.5625,34.3672,37.961,,,,
40.543,37920.1055,34.9688,37.6562,,,,
40.8047,37960.9102,34.914,38.5313,,,,
40.1015,38001.0117,34.4179,37.8398,,,,
40.375,38041.3867,34.9726,37.4844,,,,
40.3906,38081.7773,34.8868,38.293,,,,
40.9532,38122.7305,34.5039,38.5586,,,,
40.5312,38163.2617,34.9922,37.5586,,,,
42.3047,38205.5664,35.0039,40.2304,,,,
40.1289,38245.6953,34.4766,37.9805,,,,
40.793,38286.4883,34.8242,37.7422,,,,
40.4648,38326.9531,34.9727,38.3438,,,,
40.7266,38367.6797,34.3086,38.5039,,,,
40.9883,38408.668,35.0821,38.1484,,,,
40.1992,38448.8672,34.7032,38.0664,,,,
41.8437,38490.7109,34.4687,39.2578,,,,
41.3985,38532.1094,34.9179,38.4297,,,,
40.4492,38572.5586,34.7031,38.3516,,,,
41.1367,38613.6953,34.4883,38.9454,,,,
41.1563,38654.8516,34.7656,38.2226,,,,
42.7343,38697.5859,34.8867,40.4375,,,,
40.4649,38738.0508,34.4336,38.2617,,,,
41.5937,38779.6445,34.8985,38.6367,,,,
40.1524,38819.7969,34.7656,37.9648,,,,
40.1172,38859.9141,34.9922,37.8008,,,,
41.3828,38901.2969,34.9414,38.4609,,,,
39.7304,38941.0273,34.7617,37.6406,,,,
42.7227,38983.75,34.5156,40.4961,,,,
41.4453,39025.1953,34.8672,37.9688,,,,
40.1914,39065.3867,34.582,37.9453,,,,
42.2617,39107.6484,34.7305,40.1172,,,,
41.6641,39149.3125,34.8672,38.0468,,,,
40.918,39190.2305,34.4336,38.4883,,,,
40.8867,39231.1172,34.8633,38.7461,,,,
43.3359,39274.4531,34.6876,39.5625,,,,
40.6289,39315.082,34.4961,38.418,,,,
40.0782,39355.1602,34.8164,37.7226,,,,
41.957,39397.1172,34.4648,39.0508,,,,
40.7031,39437.8203,34.7735,38.3516,,,,
39.5391,39477.3594,34.8281,37.3164,,,,
42.6523,39520.0117,34.5196,39.6367,,,,
40.5781,39560.5898,34.7851,38.4336,,,,
40.2618,39600.8516,34.9062,38.1406,,,,
40.8164,39641.668,34.3633,37.957,,,,
39.7929,39681.4609,34.879,37.6602,,,,
40.4219,39721.8828,35.0508,37.9805,,,,
40.9492,39762.832,34.5235,38.0117,,,,
39.8672,39802.6992,34.6992,37.7891,,,,
40.4805,39843.1797,34.8555,38.2227,,,,
42.125,39885.3047,34.7539,38.3632,,,,
40.0078,39925.3125,34.8555,37.9375,,,,
39.9883,39965.3008,34.832,37.7695,,,,
41.2344,40006.5352,34.7539,38.3359,,,,
40.039,40046.5742,34.711,37.7617,,,,
40.7891,40087.3633,34.707,38.4297,,,,
41.3789,40128.7422,34.7305,38.5117,,,,
40.3476,40169.0898,34.7422,38.3086,,,,
40.0352,40209.125,34.8633,37.7773,,,,
41.3047,40250.4297,34.7969,38.1406,,,,
40.1719,40290.6016,34.5157,38.0273,,,,
40.3125,40330.9141,34.8281,38.1719,,,,
41.414,40372.3281,34.7774,38.5195,,,,
40.6875,40413.0156,34.6289,38.4687,,,,
39.3555,40452.3711,34.9219,37.1133,,,,
42.1445,40494.5156,34.8907,38.2539,,,,
40.4571,40534.9727,34.3554,38.3399,,,,
42.8007,40577.7734,35.0196,39.9766,,,,
41.0821,40618.8555,34.5078,38.0312,,,,
39.9804,40658.8359,34.6641,37.8789,,,,
40.0508,40698.8867,34.9765,37.918,,,,
41.7422,40740.6289,34.5274,38.5196,,,,
40.3789,40781.0078,34.6367,38.1445,,,,
40.5899,40821.5977,34.8281,38.4375,,,,
41.2461,40862.8438,34.6328,38.3828,,,,
40.4101,40903.2539,34.9687,38.2774,,,,
39.6641,40942.918,34.7734,37.207,,,,
41.0468,40983.9648,34.629,38.0156,,,,
40.1094,41024.0742,34.7734,38.1445,,,,
40.2344,41064.3086,34.918,37.8203,,,,
41.9922,41106.3008,34.7343,38.2383,,,,
40.1719,41146.4727,34.9687,38.0586,,,,
39.9257,41186.3984,35.1016,37.6758,,,,
41.3243,41227.7227,34.9414,38.3984,,,,
40.7734,41268.4961,34.6445,38.5351,,,,
40.5859,41309.082,34.8867,38.1992,,,,
41.7149,41350.7969,34.6133,38.8554,,,,
41.7461,41392.543,34.6875,39.7031,,,,
40.1875,41432.7305,34.875,37.8984,,,,
40.582,41473.3125,34.6367,37.6211,,,,
39.875,41513.1875,34.8438,37.6602,,,,
40.6094,41553.7969,34.7109,38.4375,,,,
41.1211,41594.918,34.3906,37.5937,,,,
40.5429,41635.4609,34.9883,38.375,,,,
40.086,41675.5469,34.5859,37.7344,,,,
41.5312,41717.0781,34.5469,37.7656,,,,
40.8867,41757.9648,34.9844,38.7852,,,,
40.3555,41798.3203,34.7382,38.1211,,,,
42.1485,41840.4688,34.4024,39.0157,,,,
40.2148,41880.6836,34.7109,38.1641,,,,
42.0469,41922.7305,34.7461,39.9024,,,,
40.9375,41963.668,34.3711,37.9883,,,,
39.8515,42003.5195,34.7265,37.6484,,,,
40.0977,42043.6172,34.8906,37.9023,,,,
41.414,42085.0312,34.4649,38.4882,,,,
40.4844,42125.5156,34.8242,38.4023,,,,
40.8321,42166.3477,34.75,38.5234,,,,
40.9765,42207.3242,34.4453,38.1211,,,,
42.4961,42249.8203,34.8008,40.418,,,,
42.5899,42292.4102,34.8945,40.3476,,,,
40.5625,42332.9727,34.336,37.7109,,,,
42.0664,42375.0391,34.6133,39.7969,,,,
40.4492,42415.4883,34.539,38.3242,,,,
40.375,42455.8633,35.0195,37.5625,,,,
40.3672,42496.2305,34.875,38.2461,,,,
40.1836,42536.4141,34.5586,37.9257,,,,
40.6679,42577.082,34.8984,37.7852,,,,
39.9375,42617.0195,34.9024,37.8437,,,,
40.6133,42657.6328,34.5,38.5078,,,,
43.75,42701.3828,35.086,40.7266,,,,
40.0781,42741.4609,34.6055,37.8946,,,,
39.7539,42781.2148,34.543,37.621,,,,
40.2657,42821.4805,35.0234,37.336,,,,
40.0937,42861.5742,34.8204,37.9258,,,,
40.3828,42901.957,34.9687,38.0703,,,,
43.0078,42944.9648,34.7695,40.168,,,,
40.8555,42985.8203,34.8164,38.7929,,,,
40.2109,43026.0312,34.3945,38.0078,,,,
42.5313,43068.5625,34.9258,39.3398,,,,
40.6836,43109.2461,34.7929,38.6016,,,,
40.3672,43149.6133,34.4374,38.2149,,,,
41.3359,43190.9492,34.8242,38.4102,,,,
41.0664,43232.0156,34.7929,38.5391,,,,
40.4336,43272.4492,34.5234,38.2969,,,,
40.9727,43313.4219,34.9102,38.125,,,,
40.2734,43353.6953,34.9493,38.1563,,,,
42.0078,43395.7031,34.3867,39.7929,,,,
41.8321,43437.5352,34.7461,38.7422,,,,
40.1875,43477.7227,34.7422,38.1485,,,,
40.9257,43518.6484,35.0547,38.7969,,,,
40.9375,43559.5859,34.7969,38.0078,,,,
41.4453,43601.0312,34.7148,39.2188,,,,
40.7461,43641.7773,34.5117,38.5586,,,,
41.4454,43683.2227,34.9687,38.3672,,,,
41.3671,43724.5898,34.707,39.2774,,,,
40.4219,43765.0117,34.7735,38.0039,,,,
41.3008,43806.3125,34.75,38.2071,,,,
40.4219,43846.7344,34.5,38.3281,,,,
40.457,43887.1914,34.8242,38.2851,,,,
41.8398,43929.0312,34.7851,38.664,,,,
42.7735,43971.8047,34.3671,40.586,,,,
42.3047,44014.1094,34.8203,40.1601,,,,
43.4258,44057.5352,34.5429,40.5312,,,,
40.2265,44097.7617,34.6055,38.0821,,,,
40.4336,44138.1953,34.7188,38.0273,,,,
41.418,44179.6133,34.457,38.4844,,,,
40.0937,44219.707,34.9297,37.9765,,,,
40.8711,44260.5781,34.7656,38.5235,,,,
41.1914,44301.7695,34.5626,38.0937,,,,
40.0743,44341.8438,34.9375,37.9258,,,,
40.9804,44382.8242,34.8593,38.7031,,,,
41.375,44424.1992,34.3359,38.2734,,,,
40.1524,44464.3516,34.8516,37.8672,,,,
40.2461,44504.5977,34.9258,37.8828,,,,
41.9492,44546.5469,34.4609,38.6016,,,,
39.9883,44586.5352,34.8476,37.7852,,,,
40.7695,44627.3047,34.6718,38.3555,,,,
42.8008,44670.1055,34.4063,39.7031,,,,
40.1289,44710.2344,34.8242,38.0547,,,,
39.8945,44750.1289,34.6172,37.8281,,,,
41.0195,44791.1484,34.543,38.1133,,,,
39.6836,44830.832,34.8633,37.4531,,,,
40.3203,44871.1523,34.8515,38.1094,,,,
41.2579,44912.4102,34.5234,38.1836,,,,
41.1054,44953.5156,35,38.9375,,,,
40.2344,44993.75,35.0156,37.8086,,,,
40.9492,45034.6992,34.3164,37.918,,,,
40.2031,45074.9023,34.9414,38.0781,,,,
40.2461,45115.1484,34.8711,38.0859,,,,
41.1485,45156.2969,34.2969,38.0391,,,,
40.8125,45197.1094,34.9179,38.5938,,,,
39.6562,45236.7656,34.8203,37.3672,,,,
41.1602,45277.9258,34.3867,38.3008,,,,
39.6875,45317.6133,35.0117,37.5469,,,,
40.3711,45357.9844,34.75,37.9218,,,,
41.1797,45399.1641,34.4883,37.9961,,,,
39.8906,45439.0547,34.9609,37.7617,,,,
40.1797,45479.2344,34.8867,38.0039,,,,
41.5156,45520.75,34.75,37.707,,,,
39.8516,45560.6016,35.0742,37.6484,,,,
671.0351,46231.6367,34.9023,23.4141,,,,
32.0742,46263.7109,29.668,25.4649,,,,
32.3555,46296.0664,30.2422,25.043,,,,
32.9922,46329.0586,30.2774,24.6406,,,,
32.1172,46361.1758,30.3672,25.3984,,,,
32.3164,46393.4922,30.164,25.8359,,,,
32.8516,46426.3438,30.125,25.3203,,,,
32.0664,46458.4102,30.3008,25.5078,,,,
32.5117,46490.9219,30.6523,25.2305,,,,
33.8945,46524.8164,30.6368,25.8984,,,,
32.582,46557.3984,30.5898,25.1875,,,,
32.3594,46589.7578,30.0508,26.0273,,,,
32.6758,46622.4336,29.8086,25.0195,,,,
32.0781,46654.5117,30.1602,25.1602,,,,
32.4922,46687.0039,30.4922,25.9727,,,,
33.3516,46720.3555,30.5976,25.4101,,,,
32.3476,46752.7031,30.3282,24.9063,,,,
32.6641,46785.3672,30.5508,25.7695,,,,
609.9023,47395.2695,30.6328,24.2422,,,,
29.7657,47425.0352,26.0742,27.0938,,,,
29.2929,47454.3281,25.6289,26.6211,,,,
29.793,47484.1211,26.3086,26.5547,,,,
28.7617,47512.8828,26.3711,26.5898,,,,
28.9141,47541.7969,26.539,26.5352,,,,
29.7851,47571.582,26.3203,26.8476,,,,
28.9492,47600.5312,26.2031,26.8203,,,,
29.043,47629.5742,26.3203,26.5781,,,,
29.7031,47659.2773,26.5859,26.6133,,,,
28.8672,47688.1445,26.0742,26.7851,,,,
28.9883,47717.1328,26.3047,26.8359,,,,
29.793,47746.9258,26.5704,26.9141,,,,
28.75,47775.6758,26.3086,26.6601,,,,
29.1133,47804.7891,26.4257,26.7774,,,,
29.8125,47834.6016,26.6367,26.7618,,,,
28.8242,47863.4258,26.457,26.7305,,,,
29.0625,47892.4883,26.5977,26.8906,,,,
29.4297,47921.918,26.289,26.625,,,,
29.0898,47951.0078,26.168,26.9531,,,,
29.125,47980.1328,26.9375,26.7578,,,,
29.6016,48009.7344,26.2929,26.6094,,,,
29.0195,48038.7539,26.0547,26.7735,,,,
29.0938,48067.8477,26.8789,26.9805,,,,
29.6679,48097.5156,26.1876,26.7852,,,,
28.9297,48126.4453,26.1562,26.8321,,,,
28.9961,48155.4414,26.5703,26.6954,,,,
29.7774,48185.2188,26.5898,26.7617,,,,
28.8242,48214.043,25.8984,26.7187,,,,
28.7812,48242.8242,26.5313,26.6485,,,,
29.711,48272.5352,26.7344,26.7344,,,,
28.6054,48301.1406,26.3672,26.4804,,,,
29.1446,48330.2852,26.5313,26.7461,,,,
29.4296,48359.7148,26.6094,26.5508,,,,
29.0664,48388.7812,26.0507,26.9063,,,,
28.7618,48417.543,26.8243,26.4727,,,,
29.4258,48446.9688,26.293,26.5781,,,,
29.0664,48476.0352,25.9101,26.875,,,,
29.0468,48505.082,26.5195,26.7422,,,,
29.7618,48534.8438,26.0859,26.7617,,,,
28.8593,48563.7031,26.0508,26.7109,,,,
28.9531,48592.6562,26.418,26.8359,,,,
29.8985,48622.5547,27,26.9492,,,,
28.7656,48651.3203,26.3282,26.6484,,,,
28.6914,48680.0117,26.4688,26.4805,,,,
29.4297,48709.4414,26.6915,26.4258,,,,
28.9024,48738.3438,26.2109,26.8203,,,,
29.0273,48767.3711,26.125,26.8867,,,,
29.8594,48797.2305,26.3555,26.8711,,,,
28.5351,48825.7656,26.6719,26.5039,,,,
28.8828,48854.6484,26.1914,26.6328,,,,
29.5391,48884.1875,26.4102,26.5508,,,,
28.6055,48912.793,26.4062,26.5235,,,,
28.9453,48941.7383,26.0781,26.8204,,,,
29.5508,48971.2891,26.6211,26.6484,,,,
28.7695,49000.0586,26.5039,26.7344,,,,
28.9492,49029.0078,26.0586,26.7891,,,,
29.9531,49058.9609,26.9922,26.582,,,,
28.8516,49087.8125,26.2227,26.6093,,,,
28.7813,49116.5938,26.1875,26.582,,,,
29.7695,49146.3633,26.8203,26.75,,,,
29.1015,49175.4648,26.1641,26.836,,,,
29.0196,49204.4844,26.25,26.6953,,,,
30.0586,49234.543,26.7032,26.8242,,,,
28.7773,49263.3203,26.5078,26.6719,,,,
28.9727,49292.293,26.2617,26.8476,,,,
29.7461,49322.0391,26.3946,26.8359,,,,
28.957,49350.9961,26.5586,26.8008,,,,
28.918,49379.9141,26.3242,26.6445,,,,
30.2734,49410.1875,26.6719,26.6836,,,,
29.0391,49439.2266,26.875,26.9375,,,,
28.5937,49467.8203,26.3125,26.4961,,,,
30.1992,49498.0195,26.3711,26.7851,,,,
28.5938,49526.6133,26.5781,26.5274,,,,
29.1719,49555.7852,26.3203,26.961,,,,
29.7343,49585.5195,26.4297,26.5469,,,,
28.8946,49614.4141,26.5195,26.8047,,,,
29.2421,49643.6562,26.6407,27.0156,,,,
30.168,49673.8242,26.0664,26.5312,,,,
28.8516,49702.6758,26.7031,26.7226,,,,
28.8789,49731.5547,26.0156,26.5938,,,,
30.0703,49761.625,26.2031,26.6211,,,,
28.7461,49790.3711,26.2734,26.6836,,,,
28.7305,49819.1016,26.2578,26.5703,,,,
29.6836,49848.7852,26.3282,26.7852,,,,
28.7265,49877.5117,26.4336,26.6563,,,,
28.8008,49906.3125,26.3321,26.6289,,,,
30.0781,49936.3906,26.1914,26.9258,,,,
28.7071,49965.0977,26.8008,26.4961,,,,
28.7187,49993.8164,25.9922,26.5625,,,,
29.4688,50023.2852,26.3321,26.6718,,,,
28.6367,50051.9219,26.375,26.539,,,,
28.9258,50080.8477,26.0546,26.6485,,,,
29.6562,50110.5039,26.1055,26.6563,,,,
28.9414,50139.4453,26.9883,26.664,,,,
28.7031,50168.1484,26.2773,26.6641,,,,
29.6368,50197.7852,26.5196,26.6719,,,,
28.746,50226.5312,26.8359,26.5938,,,,
28.918,50255.4492,26.5273,26.8321,,,,
29.4883,50284.9375,26.5078,26.5781,,,,
28.8359,50313.7734,26.9492,26.7812,,,,
28.8282,50342.6016,26.6484,26.7579,,,,
29.4687,50372.0703,26.0703,26.5977,,,,
28.6836,50400.7539,26.7735,26.625,,,,
28.8945,50429.6484,26.4062,26.6836,,,,
29.6602,50459.3086,26.8476,26.6055,,,,
28.8476,50488.1562,26.707,26.6719,,,,
28.8516,50517.0078,26.2539,26.6992,,,,
29.625,50546.6328,26.1094,26.7578,,,,
28.5586,50575.1914,26.3907,26.5391,,,,
28.6836,50603.875,26.5195,26.4805,,,,
29.5781,50633.4531,25.9766,26.711,,,,
28.6641,50662.1172,26.4922,26.6641,,,,
28.7539,50690.8711,26.5937,26.5977,,,,
29.5937,50720.4648,26.0235,26.7422,,,,
28.6407,50749.1055,26.5507,26.5313,,,,
28.707,50777.8125,26.582,26.5117,,,,
29.6367,50807.4492,26.5117,26.6836,,,,
28.8867,50836.3359,26.9375,26.8008,,,,
29.0469,50865.3828,26.2734,26.9335,,,,
29.9024,50895.2852,26.1016,26.9766,,,,
28.8828,50924.168,26.4882,26.6523,,,,
28.8164,50952.9844,26.2695,26.5586,,,,
29.7148,50982.6992,26.0156,26.6797,,,,
28.7227,51011.4219,26.3633,26.6719,,,,
28.8242,51040.2461,26.0546,26.707,,,,
29.3672,51069.6133,26,26.5664,,,,
28.5195,51098.1328,26.543,26.5117,,,,
28.7539,51126.8867,26.5312,26.5976,,,,
29.5821,51156.4688,26.2539,26.582,,,,
28.5156,51184.9844,26.3555,26.4649,,,,
28.7109,51213.6953,26.4648,26.5507,,,,
29.8242,51243.5195,26.3867,26.9961,,,,
28.6328,51272.1523,26.2383,26.6055,,,,
29.0235,51301.1758,26.6094,26.8242,,,,
29.2695,51330.4453,26.3477,26.4296,,,,
28.7227,51359.168,26.5391,26.6601,,,,
28.7773,51387.9453,26.1523,26.6757,,,,
29.543,51417.4883,26.086,26.6875,,,,
28.5976,51446.0859,26.3359,26.5586,,,,
29.1211,51475.207,26.7813,26.9414,,,,
29.7969,51505.0039,26.5586,26.8359,,,,
28.6602,51533.6641,26.4922,26.5821,,,,
28.9023,51562.5664,26.6954,26.8477,,,,
29.5586,51592.125,26.3906,26.6992,,,,
28.6836,51620.8086,26.5,26.6563,,,,
28.875,51649.6836,26.3398,26.7109,,,,
29.75,51679.4336,26.496,26.832,,,,
28.4102,51707.8438,26.2773,26.4414,,,,
28.8671,51736.7109,26.7109,26.707,,,,
29.3399,51766.0508,26.5937,26.5508,,,,
28.6484,51794.6992,26.3789,26.5703,,,,
29.0469,51823.7461,26.5235,26.8321,,,,
29.457,51853.2031,26.5429,26.5468,,,,
28.7617,51881.9648,26.5703,26.6719,,,,
28.7852,51910.75,26.6406,26.6289,,,,
29.707,51940.457,26.3399,26.7618,,,,
29.0078,51969.4648,26.3633,26.7305,,,,
28.9961,51998.4609,26.4414,26.7696,,,,
29.6485,52028.1094,26.5195,26.7188,,,,
28.75,52056.8594,26.4532,26.6719,,,,
28.7929,52085.6523,26.8985,26.6328,,,,
29.6094,52115.2617,26.2149,26.7657,,,,
28.4727,52143.7344,26.3438,26.414,,,,
28.6601,52172.3945,26.5039,26.4805,,,,
29.6719,52202.0664,26.4532,26.6836,,,,
28.5938,52230.6602,26.4296,26.5586,,,,
28.6836,52259.3438,26.5586,26.5313,,,,
29.6796,52289.0234,26.2656,26.7734,,,,
28.7422,52317.7656,26.2383,26.7539,,,,
28.9727,52346.7383,26.4453,26.6914,,,,
29.7461,52376.4844,26.414,26.582,,,,
28.9023,52405.3867,26.7344,26.7578,,,,
29.0195,52434.4062,26.5,26.7773,,,,
29.4454,52463.8516,26.4648,26.668,,,,
28.8125,52492.6641,26.3125,26.6836,,,,
28.8281,52521.4922,26.6445,26.6328,,,,
29.9101,52551.4023,26.1211,26.832,,,,
28.9883,52580.3906,26.4141,26.7617,,,,
29.1914,52609.582,26.375,26.8125,,,,
29.8203,52639.4023,26.3789,26.7461,,,,
28.7774,52668.1797,26.1914,26.625,,,,
28.8164,52696.9961,26.4063,26.5976,,,,
29.5117,52726.5078,26.25,26.5078,,,,
28.4141,52754.9219,26.4141,26.4102,,,,
28.8398,52783.7617,26.6093,26.7461,,,,
29.7305,52813.4922,26.2695,26.789,,,,
28.7773,52842.2695,26.5195,26.7851,,,,
28.7461,52871.0156,26.6407,26.539,,,,
29.6719,52900.6875,26.2968,26.6836,,,,
28.7891,52929.4766,26.3047,26.5976,,,,
28.6914,52958.168,26.418,26.5312,,,,
29.2343,52987.4023,26.4727,26.461,,,,
28.7461,53016.1484,26.2422,26.6601,,,,
29.0899,53045.2383,26.4492,26.8828,,,,
29.6797,53074.918,26.5117,26.7226,,,,
29.1289,53104.0469,26.2695,27.0039,,,,
28.8984,53132.9453,26.9218,26.711,,,,
29.6953,53162.6406,26.375,26.832,,,,
29.043,53191.6836,26.4922,26.8437,,,,
28.9492,53220.6328,26.6172,26.7266,,,,
29.6172,53250.25,26.2813,26.707,,,,
28.5625,53278.8125,26.1054,26.5625,,,,
28.7734,53307.5859,26.8398,26.6445,,,,
29.6446,53337.2305,26.164,26.8125,,,,
29.0507,53366.2812,26.1679,27.0156,,,,
29.0665,53395.3477,26.6484,26.8125,,,,
29.6679,53425.0156,26.3164,26.836,,,,
29.1953,53454.2109,26,26.8359,,,,
28.8086,53483.0195,26.6719,26.6172,,,,
29.6797,53512.6992,26.1289,26.75,,,,
28.9375,53541.6367,26.3047,26.7852,,,,
29.211,53570.8477,26.8594,27.0156,,,,
29.8789,53600.7266,26.2461,26.8047,,,,
28.6015,53629.3281,26.0274,26.5586,,,,
28.6914,53658.0195,26.4336,26.6094,,,,
30.1055,53688.125,26.5196,26.625,,,,
28.8008,53716.9258,25.7929,26.8047,,,,
28.8867,53745.8125,26.457,26.75,,,,
29.7109,53775.5234,26.1797,26.7734,,,,
28.6954,53804.2188,26.211,26.6679,,,,
28.9726,53833.1914,26.2969,26.8008,,,,
29.7734,53862.9648,26.1797,26.9532,,,,
28.711,53891.6758,26.0859,26.6563,,,,
28.914,53920.5898,26.414,26.7578,,,,
29.6954,53950.2852,26.4531,26.8204,,,,
28.8632,53979.1484,26.1133,26.8203,,,,
28.8789,54008.0273,26.207,26.6914,,,,
29.375,54037.4023,26.3047,26.6016,,,,
28.7071,54066.1094,26.543,26.6484,,,,
28.8633,54094.9727,26.4297,26.7696,,,,
29.6406,54124.6133,26.4688,26.6601,,,,
28.8164,54153.4297,26.3047,26.6328,,,,
28.8867,54182.3164,26.4844,26.7773,,,,
29.3906,54211.707,26.6758,26.5547,,,,
28.9024,54240.6094,26.1796,26.8516,,,,
28.9453,54269.5547,25.9219,26.7461,,,,
29.7617,54299.3164,26.8476,26.5937,,,,
29,54328.3164,26.2343,26.6329,,,,
29.0391,54357.3555,25.9101,26.7383,,,,
29.6133,54386.9688,26.5625,26.6523,,,,
28.746,54415.7148,26.2891,26.6563,,,,
28.8086,54444.5234,26.293,26.6836,,,,
29.7461,54474.2695,26.6407,26.7383,,,,
29.0625,54503.332,26.4414,26.9141,,,,
28.7852,54532.1172,26.0351,26.6328,,,,
29.5898,54561.707,26.7852,26.8281,,,,
29.3399,54591.0469,26.1836,27.1328,,,,
29.1875,54620.2344,26.164,26.9688,,,,
30.0664,54650.3008,26.4297,26.8945,,,,
28.9726,54679.2734,26.2539,26.7656,,,,
28.7969,54708.0703,26.457,26.6797,,,,
30.0664,54738.1367,26.5351,27.0781,,,,
28.7735,54766.9102,26.2695,26.7266,,,,
28.9531,54795.8633,26.5,26.7578,,,,
29.582,54825.4453,26.3867,26.6328,,,,
29.2539,54854.6992,26.5429,27.082,,,,
29.0391,54883.7383,26.086,26.8711,,,,
30.4687,54914.207,26.4414,27,,,,
28.6172,54942.8242,26.5195,26.6601,,,,
28.9141,54971.7383,26.0508,26.7383,,,,
29.8203,55001.5586,26.8437,26.6719,,,,
28.7734,55030.332,26.4609,26.5937,,,,
28.9492,55059.2812,26.2539,26.75,,,,
30.0899,55089.3711,26.5782,26.7734,,,,
28.7109,55118.082,26.3554,26.6953,,,,
28.7539,55146.8359,26.3476,26.6328,,,,
30.3789,55177.2148,26.457,26.746,,,,
29.0118,55206.2266,26.4063,26.7422,,,,
29.0507,55235.2773,26.1367,26.7656,,,,
29.5743,55264.8516,26.3047,26.6875,,,,
28.9492,55293.8008,26.293,26.8477,,,,
28.6953,55322.4961,26.1367,26.5078,,,,
29.9336,55352.4297,25.957,26.8164,,,,
29,55381.4297,26.6367,26.7734,,,,
28.9765,55410.4062,26.664,26.8399,,,,
29.4844,55439.8906,26.4453,26.6133,,,,
28.5352,55468.4258,26.2773,26.543,,,,
28.9492,55497.375,25.9531,26.7735,,,,
29.9688,55527.3438,26.211,26.9219,,,,
28.9921,55556.3359,26.289,26.7305,,,,
28.9141,55585.25,26.4218,26.6641,,,,
29.6406,55614.8906,26.4804,26.8515,,,,
28.8906,55643.7812,26.4218,26.8281,,,,
28.9376,55672.7188,26.4766,26.793,,,,
29.6718,55702.3906,26.5781,26.8359,,,,
28.836,55731.2266,26.3243,26.6406,,,,
28.7578,55759.9844,26.5468,26.6484,,,,
29.6094,55789.5938,26.2344,26.7735,,,,
28.8124,55818.4062,26.5234,26.75,,,,
28.8594,55847.2656,26.2148,26.8008,,,,
29.6563,55876.9219,26.3828,26.6367,,,,
28.875,55905.7969,26.3671,26.6602,,,,
29.0547,55934.8516,26.6055,26.9023,,,,
29.6367,55964.4883,26.3438,26.7149,,,,
28.9336,55993.4219,26.4648,26.9258,,,,
28.7695,56022.1914,26.7461,26.6211,,,,
29.8516,56052.043,26.4375,26.8515,,,,
28.8632,56080.9062,26.4844,26.6836,,,,
29.1876,56110.0938,26.4453,26.8125,,,,
29.6953,56139.7891,26.2656,26.7266,,,,
28.8437,56168.6328,26.4922,26.7617,,,,
29.1367,56197.7695,26.6446,26.9218,,,,
29.4961,56227.2656,26.4688,26.5625,,,,
28.6953,56255.9609,26.1914,26.543,,,,
28.9102,56284.8711,26.4922,26.7852,,,,
29.5312,56314.4023,26.3906,26.7344,,,,
28.7618,56343.1641,25.9414,26.6718,,,,
28.7461,56371.9102,26.7305,26.6523,,,,
29.6445,56401.5547,26.2383,26.6562,,,,
29.0937,56430.6484,26.2383,26.8789,,,,
28.6368,56459.2852,26.375,26.5625,,,,
29.9101,56489.1953,26.1445,27.0156,,,,
28.8945,56518.0898,26.4453,26.8633,,,,
29.0821,56547.1719,26.832,27.0274,,,,
29.5703,56576.7422,26.2617,26.6133,,,,
29.1914,56605.9336,26.4883,27.0352,,,,
28.9609,56634.8945,26.6289,26.7968,,,,
29.7891,56664.6836,26.0898,26.8829,,,,
28.918,56693.6016,26.0898,26.664,,,,
28.7265,56722.3281,26.5312,26.6172,,,,
29.9102,56752.2383,26.1914,26.9844,,,,
29.4297,56781.668,26.1679,27.1171,,,,
29.3711,56811.0391,26.4531,27.2227,,,,
29.9492,56840.9883,26.4257,27.1445,,,,
29.1289,56870.1172,25.9687,27.1367,,,,
29.2266,56899.3438,26.0039,27.0508,,,,
29.9609,56929.3047,26.4493,27.0117,,,,
28.9297,56958.2344,26.3438,26.6406,,,,
28.9492,56987.1836,26.418,26.7344,,,,
29.7226,57016.9062,26.3672,26.8632,,,,
28.7032,57045.6094,26.3008,26.6133,,,,
28.5781,57074.1875,26.0313,26.5312,,,,
29.5273,57103.7148,26.6406,26.6367,,,,
29.004,57132.7188,26.2695,26.8554,,,,
29.0234,57161.7422,26.0899,26.7968,,,,
29.7109,57191.4531,26.4648,26.7891,,,,
28.7969,57220.25,26.4023,26.8281,,,,
28.8008,57249.0508,26.1406,26.6954,,,,
29.6289,57278.6797,26.539,26.7461,,,,
29.1172,57307.7969,26.5117,26.914,,,,
28.9726,57336.7695,26.125,26.7344,,,,
29.7852,57366.5547,26.4687,26.8085,,,,
28.875,57395.4297,26.2422,26.8203,,,,
28.8125,57424.2422,25.9687,26.6836,,,,
29.8516,57454.0938,26.4414,26.7031,,,,
29.0234,57483.1172,26.3906,26.707,,,,
29.0547,57512.1719,26.2539,26.875,,,,
30.0586,57542.2305,26.5821,26.8906,,,,
28.9179,57571.1484,26.6484,26.793,,,,
28.6055,57599.7539,26.3594,26.5273,,,,
30.4453,57630.1992,26.5781,26.875,,,,
28.7305,57658.9297,26.375,26.5898,,,,
29.043,57687.9727,26.4687,26.8632,,,,
30,57717.9727,26.293,26.9726,,,,
29.457,57747.4297,26.4571,27.3711,,,,
29.3437,57776.7734,26.3203,27.2266,,,,
30.1602,57806.9336,26.125,27.0899,,,,
29.6719,57836.6055,26.3164,27.3946,,,,
28.8281,57865.4336,26.0508,26.6484,,,,
29.6016,57895.0352,26.043,26.7344,,,,
28.9179,57923.9531,26.4375,26.8789,,,,
29.0508,57953.0039,26.0273,27,,,,
29.6445,57982.6484,26.3555,26.6953,,,,
28.8125,58011.4609,26.2852,26.5977,,,,
29.086,58040.5469,26.3477,26.875,,,,
29.3867,58069.9336,26.3867,26.4844,,,,
28.707,58098.6406,26.6485,26.7149,,,,
28.8946,58127.5352,26.7735,26.7422,,,,
29.789,58157.3242,26.2266,26.8633,,,,
28.8203,58186.1445,26.6328,26.7382,,,,
28.9883,58215.1328,26.8516,26.836,,,,
29.5625,58244.6953,26.3555,26.7695,,,,
29.0274,58273.7227,26.7578,26.9649,,,,
29.0117,58302.7344,26.4179,26.8477,,,,
29.7109,58332.4453,26.3906,26.875,,,,
29.0391,58361.4844,26.7227,26.8516,,,,
29.0312,58390.5156,26.4726,26.8633,,,,
29.8906,58420.4062,26.4961,27.0234,,,,
28.8086,58449.2148,26.7695,26.7109,,,,
28.8555,58478.0703,26.8086,26.75,,,,
29.5547,58507.625,26.539,26.4765,,,,
28.9023,58536.5273,26.2695,26.6679,,,,
28.8946,58565.4219,26.3985,26.7343,,,,
29.4922,58594.9141,26.336,26.6093,,,,
28.9414,58623.8555,26.7929,26.7969,,,,
28.8593,58652.7148,26.5586,26.7031,,,,
29.8204,58682.5352,26.3672,26.8867,,,,
29.1953,58711.7305,26.2149,27.0195,,,,
28.7695,58740.5,26.6015,26.543,,,,
29.5586,58770.0586,26.2422,26.7226,,,,
29.0898,58799.1484,26.125,26.8516,,,,
28.8633,58828.0117,26.6835,26.6758,,,,
29.7461,58857.7578,26.2851,26.8359,,,,
28.9414,58886.6992,26.2149,26.7188,,,,
28.961,58915.6602,26.5312,26.7617,,,,
30.4023,58946.0625,26.2539,27.3281,,,,
29.3828,58975.4453,26.0546,27.3047,,,,
29.3399,59004.7852,26.2344,27.2188,,,,
30.0039,59034.7891,26.5234,27.1211,,,,
29.1484,59063.9375,26.2031,26.9883,,,,
28.8906,59092.8281,26.0469,26.832,,,,
29.6328,59122.4609,26.4492,26.7578,,,,
29.4219,59151.8828,26.4336,27.3516,,,,
29.4922,59181.375,26.0273,27.3711,,,,
30.418,59211.793,26.625,27.336,,,,
29.2422,59241.0352,26.5859,27.1406,,,,
29.2187,59270.2539,26.2929,27.0117,,,,
29.7969,59300.0508,26.8242,26.7891,,,,
28.9765,59329.0273,26.3984,26.8867,,,,
28.9454,59357.9727,26.3399,26.7812,,,,
30.2421,59388.2148,26.6836,26.7735,,,,
28.8008,59417.0156,26.4141,26.5977,,,,
29.0078,59446.0234,26.1055,26.7968,,,,
29.5977,59475.6211,26.4571,26.4688,,,,
28.6445,59504.2656,26.5664,26.5703,,,,
29.3711,59533.6367,26.2188,27.2265,,,,
30.4844,59564.1211,26.2539,27.2343,,,,
29.2266,59593.3477,26.3047,26.9492,,,,
29.1757,59622.5234,26.0625,26.9336,,,,
29.8789,59652.4023,26.0625,26.9922,,,,
29.0391,59681.4414,26.5586,26.9805,,,,
28.8047,59710.2461,26.0703,26.6914,,,,
29.5508,59739.7969,26.2539,26.6797,,,,
28.8867,59768.6836,26.6055,26.6836,,,,
29.0859,59797.7695,26.4219,26.8359,,,,
30.3516,59828.1211,26.0977,27.3867,,,,
29.2734,59857.3945,26.5585,27.3554,,,,
29.5157,59886.9102,26.164,27.3165,,,,
29.8789,59916.7891,26.1718,27.0195,,,,
29.4257,59946.2148,26.207,27.1719,,,,
29.0743,59975.2891,26.707,26.8828,,,,
29.8632,60005.1523,26.5664,27.0195,,,,
29.1055,60034.2578,26.5195,26.8633,,,,
28.8711,60063.1289,26.5976,26.7148,,,,
29.5625,60092.6914,26.3555,26.7266,,,,
29.3867,60122.0781,26.4726,27.2188,,,,
29.1563,60151.2344,26.3399,27.043,,,,
29.9609,60181.1953,26.0898,27.1719,,,,
29.1133,60210.3086,26.0039,27.0195,,,,
29.1172,60239.4258,26.3672,27.0625,,,,
29.5078,60268.9336,26.039,26.6289,,,,
28.8906,60297.8242,26.2969,26.7461,,,,
29.0586,60326.8828,26.6016,26.8242,,,,
29.8125,60356.6953,26.4649,26.9571,,,,
29.1797,60385.875,26.2148,27.1836,,,,
29.2734,60415.1484,26.3672,27.1523,,,,
30.0821,60445.2305,26.6797,27.1679,,,,
29.4297,60474.6602,26.457,27.1914,,,,
29.2656,60503.9258,26.0664,27.0899,,,,
29.4922,60533.418,26.793,26.7461,,,,
28.9258,60562.3438,26.2149,26.7891,,,,
29.4179,60591.7617,25.9492,27.2696,,,,
30.5313,60622.293,26.4141,27.3672,,,,
29.3437,60651.6367,26.168,27.1797,,,,
29.4297,60681.0664,26.2422,27.1797,,,,
30.3867,60711.4531,26.5899,27.1367,,,,
28.7735,60740.2266,26.5351,26.7071,,,,
28.7929,60769.0195,26.2734,26.7812,,,,
30.5117,60799.5312,26.3242,27.2422,,,,
29.4376,60828.9688,26.5079,27.1718,,,,
29.3554,60858.3242,26.3906,27.1133,,,,
30.4492,60888.7734,25.9727,27.0469,,,,
28.9844,60917.7578,26.4024,26.9961,,,,
28.8984,60946.6562,26.1875,26.8086,,,,
29.7266,60976.3828,25.9102,26.8672,,,,
28.8555,61005.2383,26.3399,26.6758,,,,
28.8867,61034.125,26.0977,26.6328,,,,
29.5,61063.625,26.3438,26.6445,,,,
29.4062,61093.0312,26.8359,27.3907,,,,
29.3438,61122.375,26.1133,27.1953,,,,
30.0586,61152.4336,26.086,27.25,,,,
29.0898,61181.5234,26.25,26.9101,,,,
29.543,61211.0664,26.4062,27.3477,,,,
29.8164,61240.8828,26.3399,26.9492,,,,
28.875,61269.7578,26.2422,26.8203,,,,
28.8711,61298.6289,26.7929,26.7735,,,,
29.5703,61328.1992,26.2617,26.6563,,,,
29.8086,61358.0078,26.6211,27.5429,,,,
29.6602,61387.668,26.4765,27.3047,,,,
29.875,61417.543,26.082,27.0118,,,,
29.2929,61446.8359,26.0195,27.1523,,,,
29.4532,61476.2891,26.6328,27.1992,,,,
29.9414,61506.2305,26.4453,26.9531,,,,
28.9023,61535.1328,26.0938,26.6914,,,,
29.2031,61564.3359,26.2383,26.957,,,,
29.6524,61593.9883,26.3828,26.832,,,,
28.5898,61622.5781,26.2031,26.621,,,,
29.0078,61651.5859,26.2852,26.875,,,,
29.9141,61681.5,26.8008,27.0742,,,,
28.8203,61710.3203,26.293,26.6524,,,,
28.9805,61739.3008,26.1367,26.711,,,,
30.1914,61769.4922,26.6445,27.3633,,,,
29.4687,61798.9609,26.1523,27.1992,,,,
29.1485,61828.1094,25.9218,27.1093,,,,
30.164,61858.2734,26.6524,27.1914,,,,
29.2149,61887.4883,26.461,26.9922,,,,
28.957,61916.4453,26.1289,26.8203,,,,
29.582,61946.0273,26.5117,26.6719,,,,
28.8633,61974.8906,26.5469,26.8828,,,,
28.9102,62003.8008,26.0312,26.6953,,,,
29.5781,62033.3789,26.7578,26.6993,,,,
29.3555,62062.7344,26.2774,27.2657,,,,
29.7539,62092.4883,26.1524,27.4375,,,,
30.2851,62122.7734,26.4805,27.1914,,,,
29.1328,62151.9062,26.375,27.0625,,,,
29.254,62181.1602,26.6094,27.1211,,,,
30.5039,62211.6641,26.3164,26.9726,,,,
29.0625,62240.7266,26.543,26.8281,,,,
28.7461,62269.4727,26.1914,26.5469,,,,
30.2734,62299.7461,26.125,26.8164,,,,
29.0391,62328.7852,26.8125,26.9648,,,,
29.4804,62358.2656,26.3672,27.4063,,,,
29.9766,62388.2422,26.0546,27.1055,,,,
29.3008,62417.543,26.3164,27.125,,,,
29.2773,62446.8203,26.5508,26.9766,,,,
29.5586,62476.3789,26.207,26.6953,,,,
28.6758,62505.0547,26.336,26.6836,,,,
28.8047,62533.8594,26.457,26.6484,,,,
29.7226,62563.582,26.1484,26.8945,,,,
28.7852,62592.3672,26.539,26.6094,,,,
28.8476,62621.2148,26.5156,26.707,,,,
29.6133,62650.8281,26.4493,26.8672,,,,
28.7227,62679.5508,26.5625,26.6602,,,,
29.0508,62708.6016,26.5586,26.9375,,,,
29.4218,62738.0234,26.2891,26.6016,,,,
29.0391,62767.0625,26.4492,26.8867,,,,
28.957,62796.0195,26.6368,26.6719,,,,
30.3086,62826.3281,26.3672,27.1914,,,,
29.2344,62855.5625,26.4062,27.2188,,,,
29.1836,62884.7461,26.6211,27.0507,,,,
29.9062,62914.6523,26.2969,27.1016,,,,
29.0782,62943.7305,26.0625,27.043,,,,
29.2187,62972.9492,26.4648,27.0195,,,,
29.8828,63002.832,26.5039,26.7617,,,,
28.9766,63031.8086,26.0468,26.9258,,,,
29.0273,63060.8359,26.3203,26.7852,,,,
29.8985,63090.7344,26.5742,27.0664,,,,
29.5312,63120.2656,26.2969,27.4063,,,,
29.3867,63149.6523,26.2383,27.2812,,,,
29.7539,63179.4062,26.4571,26.9609,,,,
29.3985,63208.8047,26.2773,27.1406,,,,
29.0508,63237.8555,26.2188,26.8203,,,,
30.0039,63267.8594,26.5391,26.8711,,,,
29.5703,63297.4297,26.4571,27.3438,,,,
29.3672,63326.7969,26.0547,27.2266,,,,
30.1758,63356.9727,26.582,27.1484,,,,
29.0273,63386,26.6484,26.9766,,,,
29.2422,63415.2422,26.4258,27.1875,,,,
30.0351,63445.2773,26.5742,26.6992,,,,
28.8868,63474.1641,26.6719,26.7734,,,,
28.9765,63503.1406,26.5039,26.8281,,,,
30.1875,63533.3281,26.2266,26.8438,,,,
28.586,63561.9141,26.5898,26.6289,,,,
29.164,63591.0781,26.3554,26.9102,,,,
29.7071,63620.7852,26.2071,26.6992,,,,
28.9648,63649.75,26.5235,26.9024,,,,
29.0938,63678.8438,26.3906,26.8594,,,,
30.3984,63709.2422,26.1993,26.6797,,,,
28.6875,63737.9297,26.4531,26.6562,,,,
29,63766.9297,26.0196,26.8633,,,,
30.1523,63797.082,26.7773,27.418,,,,
29.6328,63826.7148,26.2227,27.3594,,,,
29.5235,63856.2383,26.0469,27.1679,,,,
30.1015,63886.3398,26.4453,27.1562,,,,
29.211,63915.5508,26.3672,27.1055,,,,
28.8554,63944.4062,26.7422,26.7383,,,,
29.5547,63973.9609,26.2774,26.7148,,,,
28.8789,64002.8398,26.3672,26.7148,,,,
28.918,64031.7578,26.9453,26.6914,,,,
30.0899,64061.8477,26.6054,27.1679,,,,
29.5625,64091.4102,26.4844,27.3906,,,,
29.2382,64120.6484,26.5468,27.0898,,,,
29.9649,64150.6133,26.2656,26.9532,,,,
29.3945,64180.0078,26.1289,27.1758,,,,
29.1914,64209.1992,26.4414,26.9375,,,,
29.6641,64238.8633,26.2656,26.8008,,,,
29.5508,64268.4141,26.1133,27.5078,,,,
29.4921,64297.9062,26.3203,27.3164,,,,
29.875,64327.7812,26.2578,26.9727,,,,
29.4024,64357.1836,25.9922,26.9961,,,,
29.6641,64386.8477,26.0586,27.0781,,,,
30.0781,64416.9258,26.4297,26.8516,,,,
28.9804,64445.9062,26.3047,26.8242,,,,
29.793,64475.6992,26.2031,27.3984,,,,
30.832,64506.5312,26.6445,27.2734,,,,
29.5704,64536.1016,26.2149,27.2656,,,,
29.5195,64565.6211,25.9297,27.2539,,,,
33.0391,64598.6602,26.4922,27.1523,,,,
28.9726,64627.6328,26.6328,26.5938,,,,
29.2852,64656.918,26.1641,26.7656,,,,
29.7968,64686.7148,25.9688,26.6329,,,,
29.5899,64716.3047,26.4805,27.207,,,,
29.5898,64745.8945,26.625,27.2734,,,,
29.8555,64775.75,26.3984,26.9727,,,,
29.1719,64804.9219,26.2539,27.0586,,,,
29.6679,64834.5898,26.6367,27.2617,,,,
30.0625,64864.6523,26.543,26.8125,,,,
28.9766,64893.6289,26.1992,26.6758,,,,
29.9258,64923.5547,26.6406,27.6094,,,,
30.2422,64953.7969,26.1914,27.2539,,,,
29.3672,64983.1641,26.3242,27.207,,,,
29.3632,65012.5273,26.3281,27.1758,,,,
29.8868,65042.4141,26.582,26.8946,,,,
29.2929,65071.707,26.3242,26.9571,,,,
29.1641,65100.8711,26.1953,26.8204,,,,
30.3242,65131.1953,26.7852,27.2774,,,,
29.6211,65160.8164,26.2032,27.4805,,,,
29.5195,65190.3359,25.9883,27.2461,,,,
29.918,65220.2539,26.3828,26.707,,,,
29.1406,65249.3945,26.3868,26.8555,,,,
29.336,65278.7305,26.0625,26.9726,,,,
30.1836,65308.9141,26.3828,27.043,,,,
29.0156,65337.9297,26.6289,26.9258,,,,
29.0039,65366.9336,26.4922,26.789,,,,
30.7812,65397.7148,26.6093,27.2265,,,,
29.4844,65427.1992,26.2695,27.1601,,,,
29.6055,65456.8047,26.293,27.1914,,,,
29.957,65486.7617,26.0586,27.0156,,,,
29.1406,65515.9023,26.6133,26.9805,,,,
29.0039,65544.9062,26.1563,26.7578,,,,
29.9688,65574.875,26.2032,26.8203,,,,
29.3516,65604.2266,26.3047,27.0078,,,,
29.8984,65634.125,26.75,27.5704,,,,
29.9375,65664.0625,26.2891,26.9141,,,,
29.25,65693.3125,26.2734,27.1172,,,,
29.1563,65722.4688,26.4297,26.875,,,,
29.9843,65752.4531,26.1641,26.8594,,,,
29.3672,65781.8203,26.3203,26.8828,,,,
29.7969,65811.6172,26.4688,27.1718,,,,
30.75,65842.3672,25.9063,27.5391,,,,
29.3437,65871.7109,26.4844,26.961,,,,
29.6094,65901.3203,26.6328,27.2891,,,,
30.0781,65931.3984,26.6016,27.0469,,,,
28.7813,65960.1797,26.2109,26.6875,,,,
28.8203,65989,26.2266,26.875,,,,
29.9453,66018.9453,26.4453,27.2969,,,,
29.25,66048.1953,26.0781,27.2265,,,,
29.0781,66077.2734,26.1406,27.1172,,,,
30.1485,66107.4219,26.7656,26.9766,,,,
29.0469,66136.4688,26.5703,26.9844,,,,
28.7421,66165.2109,26.1328,26.7656,,,,
30.2188,66195.4297,26.4609,27.4062,,,,
29.0937,66224.5234,26.2734,27.211,,,,
28.9375,66253.4609,26.2969,27.0703,,,,
30.375,66283.8359,26.3125,27.0469,,,,
29.1719,66313.0078,26.6328,27.0078,,,,
29.0703,66342.0781,26.1719,27.1328,,,,
29.9531,66372.0312,26.125,26.8359,,,,
29.4376,66401.4688,26.6407,27.4063,,,,
29.2656,66430.7344,26.4219,27.289,,,,
30.539,66461.2734,26.3516,27.1172,,,,
29.2735,66490.5469,26.3906,27.2656,,,,
29.0703,66519.6172,26.1485,27.0078,,,,
29.5547,66549.1719,26.1015,26.9297,,,,
28.6875,66577.8594,26.2579,26.7656,,,,
29.2031,66607.0625,26.2187,27.25,,,,
29.7656,66636.8281,26.0704,27.0469,,,,
29.1953,66666.0234,26.414,27.1328,,,,
29.1954,66695.2188,26.1953,27.0859,,,,
29.6562,66724.875,26.2813,27.0156,,,,
28.8516,66753.7266,26.3203,26.8906,,,,
29.4218,66783.1484,26.5157,27.4531,,,,
29.8907,66813.0391,26.2109,27.086,,,,
29.2734,66842.3125,26.3828,27.1406,,,,
28.9766,66871.2891,26.8125,26.9766,,,,
29.7265,66901.0156,26.4453,27.1172,,,,
29.1016,66930.1172,26.5781,27.0625,,,,
28.6719,66958.7891,26.5859,26.789,,,,
29.9453,66988.7344,26.4921,27.2031,,,,
29.5547,67018.2891,26.4219,27.5078,,,,
29.1093,67047.3984,26.6719,27.2031,,,,
29.5938,67076.9922,26.0859,26.8906,,,,
29.2344,67106.2266,26.4766,27.1719,,,,
28.9218,67135.1484,26.5547,26.961,,,,
30.2891,67165.4375,26.3593,27.3671,,,,
29.2578,67194.6953,26.0078,27.1016,,,,
29.1328,67223.8281,26.6406,27.0391,,,,
29.8907,67253.7188,26.3047,27.1953,,,,
29.3281,67283.0469,26.1718,27.3203,,,,
29.0547,67312.1016,26.4219,26.914,,,,
29.6796,67341.7812,26.4922,26.8906,,,,
29.5938,67371.375,26.4297,27.3047,,,,
29.4609,67400.8359,25.9765,27.2656,,,,
29.9766,67430.8125,26.4453,26.9609,,,,
