latency,time,GPU1,GPU2,latency_sub,fps,time_sub,time_rel,,,,
28.7275,5257.8369,25.6992,26.5844,30.0732,33.25219797,14722.3457,0,,,,
29.1699,5287.0068,25.6171,26.7153,28.9736,34.51417842,14751.3193,28.9736,,,,
30.0957,5317.1025,25.8569,26.8677,29.169,34.28297165,14780.4883,58.1426,,,,
28.9429,5346.0454,26.0996,26.6748,30.1494,33.16815592,14810.6377,88.292,,,,
29.4815,5375.5269,26.0552,26.8741,29.0498,34.42364491,14839.6875,117.3418,,,,
30.6411,5406.168,25.9776,27.1231,29.3008,34.12876099,14868.9883,146.6426,,,,
29.2705,5435.4385,26.0845,27.0078,30.1084,33.21332253,14899.0967,176.751,,,,
28.9731,5464.4116,26.2969,26.7178,28.8525,34.65904168,14927.9492,205.6035,,,,
29.8194,5494.231,26.1577,26.7944,29.1065,34.35658702,14957.0557,234.71,,,,
29.1377,5523.3687,26.0498,26.6821,30.2461,33.06211379,14987.3018,264.9561,,,,
29.392,5552.7607,26.311,26.8525,28.9453,34.54792315,15016.2471,293.9014,,,,
29.5865,5582.3472,25.9136,26.5796,28.999,34.48394772,15045.2461,322.9004,,,,
28.9238,5611.271,26.0527,26.6948,29.7275,33.63888655,15074.9736,352.6279,,,,
28.9551,5640.2261,26.2915,26.6841,28.6836,34.86312736,15103.6572,381.3115,,,,
29.8847,5670.1108,25.9561,26.8652,28.7842,34.74128168,15132.4414,410.0957,,,,
28.9507,5699.0615,26.0634,26.7124,30.2949,33.00885628,15162.7363,440.3906,,,,
29.2119,5728.2734,25.9483,26.6216,29.3418,34.08107205,15192.0781,469.7324,,,,
29.7056,5757.979,25.8374,26.7842,29.5108,33.8858994,15221.5889,499.2432,,,,
28.9761,5786.9551,25.9546,26.9195,29.9345,33.40627036,15251.5234,529.1777,,,,
28.9414,5815.8965,26.0996,26.8261,28.8819,34.6237609,15280.4053,558.0596,,,,
29.7734,5845.6699,26.0972,26.8667,28.9121,34.58759481,15309.3174,586.9717,,,,
28.689,5874.3589,26.3472,26.521,29.9726,33.36380561,15339.29,616.9443,,,,
29.2241,5903.583,26.2168,26.8789,29.0655,34.40505066,15368.3555,646.0098,,,,
29.5747,5933.1577,26.1431,26.7124,29.373,34.04487114,15397.7285,675.3828,,,,
28.8032,5961.9609,26.293,26.7934,29.7861,33.57270673,15427.5146,705.1689,,,,
28.8296,5990.7905,25.8155,26.7026,28.8956,34.60734506,15456.4102,734.0645,,,,
29.5288,6020.3193,26.1621,26.7027,29.0859,34.38091996,15485.4961,763.1504,,,,
28.8745,6049.1938,26.3149,26.7783,29.3213,34.10489985,15514.8174,792.4717,,,,
29.0738,6078.2676,26.0962,26.7168,29.2861,34.14589174,15544.1035,821.7578,,,,
29.6108,6107.8784,26.0855,26.7871,29.4336,33.97477713,15573.5371,851.1914,,,,
28.6182,6136.4966,26.3662,26.5239,29.7988,33.55839832,15603.3359,880.9902,,,,
28.9614,6165.458,25.981,26.8481,28.8575,34.65303647,15632.1934,909.8477,,,,
29.5635,6195.0215,26.3853,26.7393,29.0175,34.46196261,15661.2109,938.8652,,,,
28.8227,6223.8442,26.1685,26.6733,29.9991,33.33433336,15691.21,968.8643,,,,
28.8672,6252.7114,25.9087,26.5322,30.0088,33.32355842,15721.2188,998.8731,,,,
29.4829,6282.1943,26.148,26.6054,30.2431,33.06539343,15751.4619,1029.1162,,,,
28.8892,6311.0835,26.1377,26.8628,29.9385,33.40180704,15781.4004,1059.0547,,,,
28.8301,6339.9136,26.1816,26.7236,28.6074,34.95599041,15810.0078,1087.6621,,,,
29.4175,6369.3311,26.1333,26.6132,29.0967,34.36815859,15839.1045,1116.7588,,,,
28.8427,6398.1738,26.1948,26.7456,30.333,32.96739525,15869.4375,1147.0918,,,,
29.2315,6427.4053,26.1445,26.9273,28.8838,34.62148332,15898.3213,1175.9756,,,,
30.1084,6457.5137,26.0547,26.5269,29.4941,33.9050861,15927.8154,1205.4697,,,,
28.6054,6486.1191,26.0244,26.5503,30.1963,33.11664012,15958.0117,1235.666,,,,
28.7725,6514.8916,25.893,26.685,28.8828,34.62268201,15986.8945,1264.5488,,,,
29.3652,6544.2568,26.4673,26.5727,29.0362,34.43976829,16015.9307,1293.585,,,,
28.7583,6573.0151,25.9419,26.774,30.0517,33.27598771,16045.9824,1323.6367,,,,
29.1446,6602.1597,26.041,26.7617,28.877,34.62963604,16074.8594,1352.5137,,,,
29.7021,6631.8618,26.1626,26.6753,29.1308,34.32792783,16103.9902,1381.6445,,,,
28.9502,6660.812,26.2026,26.665,30.0743,33.25098174,16134.0645,1411.7188,,,,
29.001,6689.813,26.0113,26.9038,29.4902,33.90956996,16163.5547,1441.209,,,,
29.6694,6719.4824,26.478,26.6299,29.0488,34.42482994,16192.6035,1470.2578,,,,
29.0259,6748.5083,25.8359,26.624,29.6543,33.72192228,16222.2578,1499.9121,,,,
29.0537,6777.562,26.1255,26.6733,29.1309,34.32780999,16251.3887,1529.043,,,,
30.0034,6807.5654,26.2954,26.9584,29.249,34.18920305,16280.6377,1558.292,,,,
28.8203,6836.3857,26.1026,26.4668,29.9277,33.41386074,16310.5654,1588.2197,,,,
28.688,6865.0737,26.2857,26.6176,29.4043,34.00863139,16339.9697,1617.624,,,,
29.7349,6894.8086,26.393,26.5918,29.1094,34.35316427,16369.0791,1646.7334,,,,
28.9365,6923.7451,25.8779,26.7793,30.4893,32.79839157,16399.5684,1677.2227,,,,
29.0757,6952.8208,26.2637,26.7426,29.1328,34.32557118,16428.7012,1706.3555,,,,
29.603,6982.4238,26.373,26.6694,29.332,34.09245875,16458.0332,1735.6875,,,,
28.5064,7010.9302,26.5244,26.4644,29.4648,33.93880155,16487.498,1765.1523,,,,
28.7358,7039.666,26.5396,26.5859,29.0508,34.42245997,16516.5488,1794.2031,,,,
29.9502,7069.6162,26.3497,26.7056,29.0567,34.41547044,16545.6055,1823.2598,,,,
28.8169,7098.4331,26.1978,26.7461,29.7304,33.63560531,16575.3359,1852.9902,,,,
29.3364,7127.7695,26.2973,26.8936,29.0176,34.46184385,16604.3535,1882.0078,,,,
29.8057,7157.5752,26.1963,26.7329,29.3945,34.01996972,16633.748,1911.4023,,,,
28.5854,7186.1606,26.0283,26.5987,29.2735,34.16058893,16663.0215,1940.6758,,,,
28.8907,7215.0513,25.9815,26.7237,28.8047,34.71655667,16691.8262,1969.4805,,,,
29.8593,7244.9106,26.3194,26.6309,29.0429,34.43182327,16720.8691,1998.5234,,,,
28.8628,7273.7734,26.0405,26.81,30.0528,33.27476974,16750.9219,2028.5762,,,,
29.0943,7302.8677,25.874,26.706,29.0293,34.44795431,16779.9512,2057.6055,,,,
29.7217,7332.5894,26.0855,26.6167,29.0625,34.40860215,16809.0137,2086.668,,,,
28.583,7361.1724,26.1602,26.5777,29.6777,33.69533353,16838.6914,2116.3457,,,,
28.9087,7390.0811,26.0336,26.7739,28.7559,34.77547216,16867.4473,2145.1016,,,,
29.8652,7419.9463,26.2319,26.7881,29.1933,34.25443509,16896.6406,2174.2949,,,,
29.0732,7449.0195,26.2925,27.061,29.7461,33.61785242,16926.3867,2204.041,,,,
29.1367,7478.1562,26.251,26.7861,29.3692,34.04927611,16955.7559,2233.4102,,,,
29.3111,7507.4673,26,26.5093,29.2617,34.17436444,16985.0176,2262.6719,,,,
29.0596,7536.5269,26.0933,26.9956,30.0644,33.26193105,17015.082,2292.7363,,,,
28.6694,7565.1963,26.1514,26.5801,28.8535,34.65784047,17043.9355,2321.5898,,,,
29.7183,7594.9146,26.2578,26.936,28.8125,34.70715835,17072.748,2350.4023,,,,
28.7734,7623.688,26.2783,26.747,30.0958,33.22722772,17102.8438,2380.4981,,,,
29.1006,7652.7886,26.1821,26.7954,29.3222,34.10385305,17132.166,2409.8203,,,,
30.5942,7683.3828,25.7851,26.5986,29.459,33.94548355,17161.625,2439.2793,,,,
28.7656,7712.1484,26.5816,26.6792,29.5547,33.83556592,17191.1797,2468.834,,,,
28.7593,7740.9077,26.2969,26.6821,28.7265,34.81106296,17219.9062,2497.5605,,,,
29.2305,7770.1382,25.9277,26.4585,28.6465,34.9082785,17248.5527,2526.207,,,,
28.7788,7798.917,26.1401,26.663,29.8223,33.53195428,17278.375,2556.0293,,,,
28.9414,7827.8584,26.3613,26.6431,29.4629,33.94099019,17307.8379,2585.4922,,,,
29.5273,7857.3857,26.0703,26.6416,29.5137,33.88256979,17337.3516,2615.0059,,,,
28.5826,7885.9683,26.2422,26.6001,29.6582,33.71748791,17367.0098,2644.6641,,,,
28.6611,7914.6294,26.4062,26.5498,28.9316,34.56428265,17395.9414,2673.5957,,,,
29.459,7944.0884,26.2334,26.5562,28.7559,34.77547216,17424.6973,2702.3516,,,,
28.7055,7972.7939,26.1621,26.6904,29.9863,33.34856251,17454.6836,2732.3379,,,,
29.1773,8001.9712,26.1836,26.9116,29.3242,34.10152707,17484.0078,2761.6621,,,,
29.5503,8031.5215,26.0484,26.6787,29.3926,34.02216885,17513.4004,2791.0547,,,,
28.9248,8060.4463,26.1757,26.9283,29.9023,33.44224357,17543.3027,2820.957,,,,
28.75,8089.1963,26.274,26.6616,28.793,34.7306637,17572.0957,2849.75,,,,
29.3823,8118.5786,26.1538,26.5972,28.8731,34.6343136,17600.9688,2878.6231,,,,
29.0205,8147.5991,26.1543,26.9648,29.6308,33.74866693,17630.5996,2908.2539,,,,
29.2505,8176.8496,26.2866,26.8559,29.832,33.52105122,17660.4316,2938.0859,,,,
29.4072,8206.2568,26.3018,26.4384,29.25,34.18803419,17689.6816,2967.3359,,,,
28.8653,8235.1221,26.0371,26.8105,31.0645,32.19108629,17720.7461,2998.4004,,,,
28.8427,8263.9648,26.6426,26.7657,28.8379,34.67658879,17749.584,3027.2383,,,,
29.7227,8293.6875,26.3311,26.9082,29.3222,34.10385305,17778.9062,3056.5605,,,,
29.2061,8322.8936,26.3203,27.1621,29.8458,33.50555187,17808.752,3086.4063,,,,
29.4257,8352.3193,26.124,27.1817,28.7675,34.76144955,17837.5195,3115.1738,,,,
30.085,8382.4043,25.9218,27.1846,29.4649,33.93868637,17866.9844,3144.6387,,,,
29.4551,8411.8594,26.0556,27.209,30.6875,32.58655804,17897.6719,3175.3262,,,,
28.9795,8440.8389,26.0098,26.7539,29.0488,34.42482994,17926.7207,3204.375,,,,
29.7636,8470.6025,25.9639,26.9248,28.9238,34.57360375,17955.6445,3233.2988,,,,
28.6319,8499.2344,26.0596,26.5625,29.7442,33.61999987,17985.3887,3263.043,,,,
28.8935,8528.1279,26.3662,26.5762,28.9629,34.52692928,18014.3516,3292.0059,,,,
29.4678,8557.5957,25.8603,26.5039,29.5351,33.85801978,18043.8867,3321.541,,,,
28.79,8586.3857,25.9727,26.8184,30.3594,32.93872738,18074.2461,3351.9004,,,,
28.7881,8615.1738,26.2823,26.6533,29.1426,34.31402826,18103.3887,3381.043,,,,
29.4746,8644.6484,26.0879,26.5791,29.0898,34.3763106,18132.4785,3410.1328,,,,
28.8438,8673.4922,25.9648,26.7666,29.875,33.47280335,18162.3535,3440.0078,,,,
28.8154,8702.3076,26.6377,26.5361,28.7949,34.72837204,18191.1484,3468.8027,,,,
29.668,8731.9756,26.29,26.7177,29.1582,34.29566983,18220.3066,3497.9609,,,,
28.8213,8760.7969,26.1435,26.7978,29.877,33.47056264,18250.1836,3527.8379,,,,
28.7549,8789.5518,26.2481,26.6514,28.9941,34.48977551,18279.1777,3556.832,,,,
29.6865,8819.2383,26.0049,26.8291,29.0196,34.45946877,18308.1973,3585.8516,,,,
29.0508,8848.2891,25.9795,27.0245,29.748,33.61570526,18337.9453,3615.5996,,,,
29.0244,8877.3135,26.086,26.7481,29.0078,34.47348644,18366.9531,3644.6074,,,,
29.6719,8906.9854,26.0147,26.7051,29.1797,34.27040031,18396.1328,3673.7871,,,,
29.1533,8936.1387,25.9814,26.7432,29.957,33.38117969,18426.0898,3703.7441,,,,
28.79,8964.9287,26.1357,26.6718,29.25,34.18803419,18455.3398,3732.9941,,,,
29.4746,8994.4033,26.4013,26.7246,29.4473,33.95897077,18484.7871,3762.4414,,,,
28.6221,9023.0254,26.3613,26.5908,29.7188,33.64873413,18514.5059,3792.1602,,,,
28.8242,9051.8496,26.2129,26.5683,29.1718,34.27968106,18543.6777,3821.332,,,,
29.5449,9081.3945,26.0547,26.5528,29.3047,34.12421898,18572.9824,3850.6367,,,,
28.5547,9109.9492,25.8379,26.5927,29.4766,33.92521526,18602.459,3880.1133,,,,
28.832,9138.7812,26.0879,26.7569,28.9336,34.56189344,18631.3926,3909.0469,,,,
29.4209,9168.2021,26.3789,26.6093,29.289,34.14251084,18660.6816,3938.3359,,,,
28.668,9196.8701,26.2178,26.6181,29.8672,33.48154497,18690.5488,3968.2031,,,,
28.9238,9225.7939,26.1601,26.6495,29.1114,34.35080415,18719.6602,3997.3145,,,,
30.2012,9255.9951,26.543,27.2236,29.1054,34.35788548,18748.7656,4026.4199,,,,
29.3233,9285.3184,26.1601,27.2978,29.4883,33.91175483,18778.2539,4055.9082,,,,
29.1181,9314.4365,25.9072,26.8779,29.1719,34.27956355,18807.4258,4085.0801,,,,
29.9405,9344.377,26.3711,26.9844,29.0078,34.47348644,18836.4336,4114.0879,,,,
29.08,9373.457,26.1729,27.0489,29.6582,33.71748791,18866.0918,4143.7461,,,,
29.251,9402.708,25.9082,26.9326,29.3652,34.05391416,18895.457,4173.1113,,,,
29.8145,9432.5225,26.0273,26.5957,29.4492,33.95677981,18924.9062,4202.5605,,,,
28.4072,9460.9297,26.0302,26.4512,29.6172,33.76416407,18954.5234,4232.1777,,,,
28.791,9489.7207,25.875,26.7412,28.7578,34.77317458,18983.2812,4260.9355,,,,
29.7002,9519.4209,26.1114,26.6446,29.1739,34.27721354,19012.4551,4290.1094,,,,
28.6162,9548.0371,26.3847,26.6084,30.2402,33.06856436,19042.6953,4320.3496,,,,
29.1973,9577.2344,26.1172,26.833,29.5313,33.86237653,19072.2266,4349.8809,,,,
29.8779,9607.1123,26.3633,26.7295,29.1152,34.34632082,19101.3418,4378.9961,,,,
28.8438,9635.9561,25.9609,26.8242,29.9453,33.39422213,19131.2871,4408.9414,,,,
28.8281,9664.7842,26.168,26.6436,29.2813,34.15148918,19160.5684,4438.2227,,,,
30.2959,9695.0801,26.5322,26.8077,29.0019,34.48049955,19189.5703,4467.2246,,,,
29.332,9724.4121,26.0957,27.3105,29.9609,33.37683447,19219.5312,4497.1855,,,,
29.4141,9753.8262,26.0673,27.1338,29.375,34.04255319,19248.9062,4526.5605,,,,
30.4326,9784.2588,26.1445,26.9345,28.9981,34.48501798,19277.9043,4555.5586,,,,
29.0498,9813.3086,26.0518,27.0351,30.1074,33.21442569,19308.0117,4585.666,,,,
29.0478,9842.3564,26.168,26.9795,28.8262,34.69066335,19336.8379,4614.4922,,,,
29.5977,9871.9541,25.8037,26.6708,29.0859,34.38091996,19365.9238,4643.5781,,,,
28.9609,9900.915,26.1621,26.9707,30.7657,32.5037298,19396.6895,4674.3438,,,,
28.8877,9929.8027,26.0947,26.6357,29.4863,33.914055,19426.1758,4703.8301,,,,
29.6104,9959.4131,25.9219,26.667,29.4004,34.01314268,19455.5762,4733.2305,,,,
28.5771,9987.9902,26.0303,26.5908,29.6152,33.76644426,19485.1914,4762.8457,,,,
28.834,10016.8242,26.2325,26.709,28.7891,34.73536859,19513.9805,4791.6348,,,,
29.3994,10046.2236,25.835,26.624,28.9062,34.59465443,19542.8867,4820.541,,,,
28.7705,10074.9941,26.2285,26.7519,29.6133,33.76861073,19572.5,4850.1543,,,,
29.1182,10104.1123,26.043,26.7715,29.1895,34.25889447,19601.6895,4879.3438,,,,
29.6738,10133.7861,26.2442,26.75,29.4804,33.92084232,19631.1699,4908.8242,,,,
28.7051,10162.4912,26.2597,26.6699,29.9297,33.41162791,19661.0996,4938.7539,,,,
29.0498,10191.541,26.166,26.9013,28.7227,34.81566844,19689.8223,4967.4766,,,,
29.5117,10221.0527,26.2598,26.7617,28.8339,34.68139933,19718.6562,4996.3105,,,,
28.5244,10249.5771,26.3272,26.5498,29.7989,33.55828571,19748.4551,5026.1094,,,,
28.7862,10278.3633,25.999,26.543,29.7402,33.62452169,19778.1953,5055.8496,,,,
29.8935,10308.2568,25.8916,26.8974,29.5645,33.82435015,19807.7598,5085.4141,,,,
28.5293,10336.7861,26.3438,26.5732,29.955,33.38340845,19837.7148,5115.3691,,,,
28.8301,10365.6162,25.8047,26.8135,28.8477,34.66480863,19866.5625,5144.2168,,,,
29.5977,10395.2139,26.0195,26.8106,28.9746,34.51298724,19895.5371,5173.1914,,,,
28.789,10424.0029,26.002,26.8281,29.7012,33.66867332,19925.2383,5202.8926,,,,
29.128,10453.1309,26.1533,26.8037,28.9355,34.55962399,19954.1738,5231.8281,,,,
29.748,10482.8789,26.4394,26.7383,29.502,33.89600705,19983.6758,5261.3301,,,,
28.7305,10511.6094,26.0381,26.6904,30.0762,33.24888118,20013.752,5291.4063,,,,
28.9453,10540.5547,26.4864,26.8554,29.2578,34.17891981,20043.0098,5320.6641,,,,
29.7803,10570.335,26.5371,26.9111,29.0918,34.3739473,20072.1016,5349.7559,,,,
28.7343,10599.0693,26.3213,26.8067,29.8652,33.48378715,20101.9668,5379.6211,,,,
29.3399,10628.4092,26.6523,26.8603,29.4492,33.95677981,20131.416,5409.0703,,,,
30.083,10658.4922,25.8701,26.8154,29.1406,34.31638333,20160.5566,5438.2109,,,,
28.6055,10687.0977,26.3418,26.7051,29.5899,33.79531529,20190.1465,5467.8008,,,,
28.9697,10716.0674,26.5322,26.6963,28.9453,34.54792315,20219.0918,5496.7461,,,,
29.5264,10745.5938,25.958,26.6582,28.9922,34.49203579,20248.084,5525.7383,,,,
28.6054,10774.1992,26.2285,26.5401,30.2598,33.04714506,20278.3438,5555.9981,,,,
29.0293,10803.2285,26.3711,26.666,29.5117,33.884866,20307.8555,5585.5098,,,,
29.7363,10832.9648,26.3935,26.4629,29.3007,34.12887747,20337.1562,5614.8105,,,,
28.5088,10861.4736,25.9541,26.5039,29.7227,33.64431899,20366.8789,5644.5332,,,,
29.0127,10890.4863,26.5361,26.8886,29.1856,34.2634724,20396.0645,5673.7188,,,,
29.9219,10920.4082,26.1982,27.169,29.1503,34.30496427,20425.2148,5702.8691,,,,
29.416,10949.8242,26.2198,27.3389,29.9649,33.37237902,20455.1797,5732.834,,,,
29.5654,10979.3896,26.1396,27.1172,28.8164,34.7024611,20483.9961,5761.6504,,,,
30.002,11009.3916,26.1191,26.8281,29.168,34.28414701,20513.1641,5790.8184,,,,
29.5186,11038.9102,25.9404,27.0303,29.6601,33.715328,20542.8242,5820.4785,,,,
29.0146,11067.9248,26.1348,26.8018,29.4356,33.97246871,20572.2598,5849.9141,,,,
29.6289,11097.5537,26.1182,26.7305,29.3457,34.07654273,20601.6055,5879.2598,,,,
29.1563,11126.71,26.0058,26.8242,29.8457,33.50566413,20631.4512,5909.1055,,,,
29.2578,11155.9678,26.1758,26.749,29.6894,33.68205487,20661.1406,5938.7949,,,,
29.7636,11185.7314,26.2636,26.5362,29.0391,34.43632895,20690.1797,5967.834,,,,
28.7735,11214.5049,26.1074,26.6328,30.1152,33.20582297,20720.2949,5997.9492,,,,
28.8232,11243.3281,26.2822,26.6504,29.0801,34.38777721,20749.375,6027.0293,,,,
29.7862,11273.1143,26.2265,26.8985,29.2129,34.23145254,20778.5879,6056.2422,,,,
28.7324,11301.8467,26.0088,26.71,30.0703,33.25540483,20808.6582,6086.3125,,,,
29.7793,11331.626,25.918,27.3672,29.0117,34.46885222,20837.6699,6115.3242,,,,
30.8691,11362.4951,26.7764,27.4375,28.9805,34.5059609,20866.6504,6144.3047,,,,
29.085,11391.5801,26.2031,27.0488,29.5762,33.81096963,20896.2266,6173.8809,,,,
29.2178,11420.7979,25.9932,27.0332,28.7089,34.83240389,20924.9355,6202.5898,,,,
30.7529,11451.5508,25.9775,27.2334,29.3223,34.10373675,20954.2578,6231.9121,,,,
28.6465,11480.1973,26.1689,26.6542,29.9551,33.383297,20984.2129,6261.8672,,,,
29.0722,11509.2695,26.333,26.6045,29.2226,34.22008993,21013.4355,6291.0898,,,,
30.3721,11539.6416,26.1377,26.6289,29.2793,34.15382198,21042.7148,6320.3691,,,,
28.4951,11568.1367,26.4844,26.4707,29.627,33.75299558,21072.3418,6349.9961,,,,
28.7442,11596.8809,26.0136,26.6807,29.0937,34.37170246,21101.4355,6379.0898,,,,
30.1816,11627.0625,26.0371,27.1494,28.9375,34.55723542,21130.373,6408.0273,,,,
29.5264,11656.5889,26.4893,27.5362,29.711,33.6575679,21160.084,6437.7383,,,,
30.0742,11686.6631,25.8945,27.085,29.0527,34.42020879,21189.1367,6466.791,,,,
30.2764,11716.9395,25.8818,27.1435,28.9356,34.55950455,21218.0723,6495.7266,,,,
29.3271,11746.2666,26.2295,27.1299,29.8828,33.46406629,21247.9551,6525.6094,,,,
28.8584,11775.125,25.9883,26.623,29.2597,34.17670038,21277.2148,6554.8691,,,,
29.8057,11804.9307,26.3243,27.0186,29.084,34.383166,21306.2988,6583.9531,,,,
29.125,11834.0557,26.2207,26.9952,29.8457,33.50566413,21336.1445,6613.7988,,,,
29.6045,11863.6602,26.2539,27.1982,29.0586,34.41322018,21365.2031,6642.8574,,,,
30.4277,11894.0879,26.497,27.1601,29.002,34.48038066,21394.2051,6671.8594,,,,
28.9629,11923.0508,26.3545,26.8945,30.0019,33.33122236,21424.207,6701.8613,,,,
29.1084,11952.1592,26.4375,26.8936,29.1856,34.2634724,21453.3926,6731.0469,,,,
29.5146,11981.6738,26.0303,26.7158,29.1054,34.35788548,21482.498,6760.1523,,,,
28.8223,12010.4961,26.0518,26.7158,29.711,33.6575679,21512.209,6789.8633,,,,
29.1601,12039.6562,26.0322,26.5859,29.2051,34.24059496,21541.4141,6819.0684,,,,
30.0157,12069.6719,26.2852,26.958,29.2988,34.13109069,21570.7129,6848.3672,,,,
29.3135,12098.9854,26.0264,27.3301,29.4512,33.95447384,21600.1641,6877.8184,,,,
29.2744,12128.2598,26.0957,27.1582,29.1562,34.29802238,21629.3203,6906.9746,,,,
29.6699,12157.9297,25.8985,26.8486,29.0606,34.41085181,21658.3809,6936.0352,,,,
29.1406,12187.0703,26.1885,27.1152,29.9843,33.35078691,21688.3652,6966.0195,,,,
29.2373,12216.3076,26.0508,26.7696,29.2442,34.1948147,21717.6094,6995.2637,,,,
29.8467,12246.1543,25.9746,26.625,29.2734,34.16070562,21746.8828,7024.5371,,,,
28.7686,12274.9229,26.0908,26.8027,29.5723,33.81542863,21776.4551,7054.1094,,,,
29.208,12304.1309,26.1885,27.1446,28.9023,34.59932255,21805.3574,7083.0117,,,,
30.2158,12334.3467,26.292,27.4345,29.3379,34.08560258,21834.6953,7112.3496,,,,
29.0928,12363.4395,26.1895,27.1221,30.1953,33.11773687,21864.8906,7142.5449,,,,
29.5312,12392.9707,26.2012,27.0957,29.1992,34.24751363,21894.0898,7171.7441,,,,
30.4717,12423.4424,26.2568,27.0977,29.334,34.09013432,21923.4238,7201.0781,,,,
29.2041,12452.6465,26.2071,26.9111,29.7696,33.59131463,21953.1934,7230.8477,,,,
28.8105,12481.457,26.1934,26.7041,28.625,34.93449782,21981.8184,7259.4727,,,,
30.1651,12511.6221,26.1914,27.2559,29.1054,34.35788548,22010.9238,7288.5781,,,,
29.4736,12541.0957,26.2441,27.2871,30.7051,32.5678796,22041.6289,7319.2832,,,,
29.6455,12570.7412,26.5576,27.1279,28.9258,34.57121324,22070.5547,7348.209,,,,
30.125,12600.8662,26.1543,26.9208,29.0058,34.47586345,22099.5605,7377.2148,,,,
29.1553,12630.0215,26.2022,27.1113,30.2969,33.00667725,22129.8574,7407.5117,,,,
29.0517,12659.0732,26.6709,26.9785,29.2422,34.19715343,22159.0996,7436.7539,,,,
29.8672,12688.9404,26.2207,26.6904,29.1309,34.32780999,22188.2305,7465.8848,,,,
29.0166,12717.957,26.2452,27.0625,30.416,32.87743293,22218.6465,7496.3008,,,,
29.7627,12747.7197,26.2813,27.1933,28.9512,34.54088259,22247.5977,7525.252,,,,
30.1729,12777.8926,26.1806,26.9561,29.2382,34.20183185,22276.8359,7554.4902,,,,
29.2148,12807.1074,26.3867,26.9892,30.2325,33.07698669,22307.0684,7584.7227,,,,
29.2676,12836.375,26.0263,27.0352,29.0332,34.44332695,22336.1016,7613.7559,,,,
29.8828,12866.2578,26.125,26.959,29.0488,34.42482994,22365.1504,7642.8047,,,,
28.6084,12894.8662,26.1465,26.5547,29.7051,33.66425294,22394.8555,7672.5098,,,,
28.9902,12923.8564,26.2177,26.5166,29.1191,34.34172073,22423.9746,7701.6289,,,,
29.9092,12953.7656,25.9804,26.7256,29.2305,34.21084142,22453.2051,7730.8594,,,,
28.7198,12982.4854,26.2002,26.7559,30.0761,33.24899172,22483.2812,7760.9355,,,,
29.1972,13011.6826,26.5429,27.0986,29.3536,34.06737163,22512.6348,7790.2891,,,,
30.4082,13042.0908,26.1953,27.4043,29.1172,34.34396164,22541.752,7819.4063,,,,
29.5772,13071.668,26.4199,27.2158,29.5937,33.79097578,22571.3457,7849,,,,
29.5205,13101.1885,26.1083,27.0625,29.3711,34.04707348,22600.7168,7878.3711,,,,
29.9883,13131.1768,25.9746,26.8711,29.3066,34.12200665,22630.0234,7907.6777,,,,
29.1796,13160.3564,26.0967,27.042,29.8106,33.54511482,22659.834,7937.4883,,,,
28.8155,13189.1719,26.2471,26.6533,28.918,34.58053807,22688.752,7966.4063,,,,
29.7158,13218.8877,25.8223,26.8536,29.1875,34.26124197,22717.9395,7995.5938,,,,
28.9404,13247.8281,26.1563,26.6475,30.0488,33.27919917,22747.9883,8025.6426,,,,
29.3887,13277.2168,26.3369,26.9112,29.2129,34.23145254,22777.2012,8054.8555,,,,
30.3359,13307.5527,26.2041,27.2774,29.2441,34.19493163,22806.4453,8084.0996,,,,
29.4317,13336.9844,26.1192,27.4423,29.4609,33.94329433,22835.9062,8113.5605,,,,
29.5068,13366.4912,26.0459,27.2403,28.8438,34.6694957,22864.75,8142.4043,,,,
30.0518,13396.543,26.5615,26.874,29.1387,34.31862094,22893.8887,8171.543,,,,
29.0273,13425.5703,26.0244,27.0108,30.3008,33.00242898,22924.1895,8201.8438,,,,
29.332,13454.9023,26.5498,26.7569,29.039,34.43644754,22953.2285,8230.8828,,,,
29.8038,13484.7061,26.1846,26.6309,29.1016,34.36237183,22982.3301,8259.9844,,,,
28.5214,13513.2275,26.0303,26.5322,29.5722,33.81554298,23011.9023,8289.5566,,,,
28.8057,13542.0332,26.459,26.6777,29.0801,34.38777721,23040.9824,8318.6367,,,,
30.1748,13572.208,26.6679,27.3681,29.4395,33.96796821,23070.4219,8348.0762,,,,
29.2227,13601.4307,26.3047,27.1329,30.1328,33.18642808,23100.5547,8378.209,,,,
29.5048,13630.9355,26.3691,26.9853,29.6387,33.73967144,23130.1934,8407.8477,,,,
31.0342,13661.9697,26.1719,27.0234,29.0097,34.47122859,23159.2031,8436.8574,,,,
29.0674,13691.0371,26.0157,26.8935,30.0996,33.22303286,23189.3027,8466.957,,,,
29.0244,13720.0615,25.9521,26.7549,28.7735,34.75420091,23218.0762,8495.7305,,,,
29.7754,13749.8369,26.2539,26.6533,28.7519,34.78031017,23246.8281,8524.4824,,,,
29.6055,13779.4424,26.8535,27.3672,30.2168,33.09417278,23277.0449,8554.6992,,,,
29.7539,13809.1963,26.0323,27.2861,29.4063,34.00631837,23306.4512,8584.1055,,,,
30.4336,13839.6299,26.2764,26.8995,29.1972,34.24985958,23335.6484,8613.3027,,,,
28.998,13868.6279,26.4659,26.9101,29.7286,33.63764187,23365.377,8643.0313,,,,
29.2276,13897.8555,26.0547,27.1035,29.33,34.0947835,23394.707,8672.3613,,,,
29.4883,13927.3438,26.0302,26.6084,29.1485,34.3070827,23423.8555,8701.5098,,,,
28.8144,13956.1582,26.5703,26.5029,30.4336,32.85841964,23454.2891,8731.9434,,,,
29.8359,13985.9941,26.1172,27.2383,29.3027,34.12654807,23483.5918,8761.2461,,,,
30.209,14016.2031,26.2422,27.0967,29.0254,34.45258291,23512.6172,8790.2715,,,,
29.0518,14045.2549,25.9707,27.0577,30.1738,33.14133454,23542.791,8820.4453,,,,
29.2207,14074.4756,26.1523,26.9434,29.0235,34.45483832,23571.8145,8849.4688,,,,
30.0723,14104.5479,26.0909,27.0713,29.0449,34.42945233,23600.8594,8878.5137,,,,
29.0556,14133.6035,26.2588,26.915,30.0488,33.27919917,23630.9082,8908.5625,,,,
29.3701,14162.9736,26.5674,26.8076,29.3516,34.06969296,23660.2598,8937.9141,,,,
30.3369,14193.3105,26.2012,27.2187,29.1797,34.27040031,23689.4395,8967.0938,,,,
28.8291,14222.1396,26.1455,26.8809,29.621,33.75983255,23719.0605,8996.7148,,,,
29.1944,14251.334,26.0517,27.0771,29.2461,34.1925932,23748.3066,9025.9609,,,,
29.8887,14281.2227,26.0293,27.0771,29.4278,33.9814733,23777.7344,9055.3887,,,,
29.0351,14310.2578,26.1123,26.9248,29.9472,33.39210344,23807.6816,9085.3359,,,,
29.2236,14339.4814,26.1368,26.7891,29.1094,34.35316427,23836.791,9114.4453,,,,
29.7374,14369.2188,25.8428,26.5869,29.1231,34.33700396,23865.9141,9143.5684,,,,
28.9443,14398.1631,25.8486,26.9834,29.539,33.85354954,23895.4531,9173.1074,,,,
29.2558,14427.4189,26.1865,27.2832,28.5371,35.04210309,23923.9902,9201.6445,,,,
29.7989,14457.2178,26.1055,27.0322,29.2559,34.18113953,23953.2461,9230.9004,,,,
28.957,14486.1748,26.4453,26.9541,29.8457,33.50566413,23983.0918,9260.7461,,,,
29.4492,14515.624,26.0146,26.9951,29.2031,34.24293996,24012.2949,9289.9492,,,,
30.0781,14545.7021,26.6162,26.9815,29.2852,34.14694112,24041.5801,9319.2344,,,,
29.1866,14574.8887,26.1436,27.2539,30.0351,33.29437891,24071.6152,9349.2695,,,,
29.3623,14604.251,25.9824,27.3994,28.8282,34.68825664,24100.4434,9378.0977,,,,
30.0576,14634.3086,26.3594,27.3711,28.9296,34.5666722,24129.373,9407.0273,,,,
28.9883,14663.2969,26.1962,26.9717,29.9532,33.38541458,24159.3262,9436.9805,,,,
28.9756,14692.2725,25.9443,26.7373,29.334,34.09013432,24188.6602,9466.3145,,,,
30.0732,14722.3457,26.4013,26.9931,29.0273,34.45032779,24217.6875,9495.3418,,,,
28.9736,14751.3193,26.5186,27.1396,30.082,33.24247058,24247.7695,9525.4238,,,,
29.169,14780.4883,26.1201,27.1123,28.9336,34.56189344,24276.7031,9554.3574,,,,
30.1494,14810.6377,26.7227,27.1074,29.0352,34.44095443,24305.7383,9583.3926,,,,
29.0498,14839.6875,26.3077,27.0039,29.9004,33.44436864,24335.6387,9613.293,,,,
29.3008,14868.9883,26.0098,26.9502,29.1465,34.30943681,24364.7852,9642.4395,,,,
30.1084,14899.0967,26.0517,26.7041,35.0898,28.49831005,24399.875,9677.5293,,,,
28.8525,14927.9492,26.5097,26.9599,55.2285,18.10659352,24455.1035,9732.7578,,,,
29.1065,14957.0557,26.2617,27.125,54.3516,18.39872239,24509.4551,9787.1094,,,,
30.2461,14987.3018,26.1319,27.2041,55.4062,18.04852165,24564.8613,9842.5156,,,,
28.9453,15016.2471,26.3974,26.9209,54.8223,18.24075239,24619.6836,9897.3379,,,,
28.999,15045.2461,26.1269,26.7588,55.3906,18.05360476,24675.0742,9952.7285,,,,
29.7275,15074.9736,26.4033,26.831,54.5879,18.31907804,24729.6621,10007.3164,,,,
28.6836,15103.6572,26.4736,26.7744,55.3301,18.07334525,24784.9922,10062.6465,,,,
28.7842,15132.4414,26.1347,26.8584,54.8808,18.22130873,24839.873,10117.5273,,,,
30.2949,15162.7363,26.165,27.1777,55.2383,18.10338117,24895.1113,10172.7656,,,,
29.3418,15192.0781,26.3897,27.3105,54.625,18.30663616,24949.7363,10227.3906,,,,
29.5108,15221.5889,25.9991,27.2285,55.1211,18.14187308,25004.8574,10282.5117,,,,
29.9345,15251.5234,26.0918,27.086,54.4707,18.35849365,25059.3281,10336.9824,,,,
28.8819,15280.4053,26.5361,27.0254,55.9336,17.87834146,25115.2617,10392.916,,,,
28.9121,15309.3174,26.166,26.9111,54.1563,18.46507239,25169.418,10447.0723,,,,
29.9726,15339.29,25.9336,27.2724,55.4726,18.02691779,25224.8906,10502.5449,,,,
29.0655,15368.3555,26.0899,26.9434,54.9668,18.19280002,25279.8574,10557.5117,,,,
29.373,15397.7285,25.9609,26.8769,55.25,18.09954751,25335.1074,10612.7617,,,,
29.7861,15427.5146,25.9717,26.9033,54.2285,18.44048794,25389.3359,10666.9902,,,,
28.8956,15456.4102,26.2734,27.0254,55.8829,17.89456166,25445.2188,10722.8731,,,,
29.0859,15485.4961,26.4424,27.0478,54.0781,18.49177393,25499.2969,10776.9512,,,,
29.3213,15514.8174,26.292,26.6622,55.0898,18.15218062,25554.3867,10832.041,,,,
29.2861,15544.1035,26.0245,27.1943,54.5625,18.32760596,25608.9492,10886.6035,,,,
29.4336,15573.5371,26.2783,27.1474,55.2559,18.09761492,25664.2051,10941.8594,,,,
29.7988,15603.3359,25.9385,26.9541,54.748,18.26550742,25718.9531,10996.6074,,,,
28.8575,15632.1934,26.0694,26.8838,55.2344,18.10465942,25774.1875,11051.8418,,,,
29.0175,15661.2109,26.1768,26.9307,54.3867,18.38684826,25828.5742,11106.2285,,,,
29.9991,15691.21,26.2265,26.7286,55.293,18.08547194,25883.8672,11161.5215,,,,
30.0088,15721.2188,25.9776,27.3438,54.3672,18.39344311,25938.2344,11215.8887,,,,
30.2431,15751.4619,26.0166,27.4746,55.6426,17.97184172,25993.877,11271.5313,,,,
29.9385,15781.4004,25.9551,26.8526,54.4199,18.37563097,26048.2969,11325.9512,,,,
28.6074,15810.0078,25.9785,26.7197,55.2226,18.10852803,26103.5195,11381.1738,,,,
29.0967,15839.1045,25.9814,26.8955,55.0899,18.15214767,26158.6094,11436.2637,,,,
30.333,15869.4375,26.4502,26.6192,54.9492,18.1986271,26213.5586,11491.2129,,,,
28.8838,15898.3213,26.1084,26.7129,54.6836,18.28701841,26268.2422,11545.8965,,,,
29.4941,15927.8154,26.457,27.1875,56.0664,17.83599446,26324.3086,11601.9629,,,,
30.1963,15958.0117,26.7022,27.2451,54.1797,18.4570974,26378.4883,11656.1426,,,,
28.8828,15986.8945,26.2627,27.0351,55.1855,18.120702,26433.6738,11711.3281,,,,
29.0362,16015.9307,26,26.9433,54.6582,18.2955165,26488.332,11765.9863,,,,
30.0517,16045.9824,26.4092,27.1201,55.4571,18.03195623,26543.7891,11821.4434,,,,
28.877,16074.8594,26.0694,26.8242,54.6582,18.2955165,26598.4473,11876.1016,,,,
29.1308,16103.9902,25.8682,26.7949,55.6816,17.95925404,26654.1289,11931.7832,,,,
30.0743,16134.0645,26.5361,26.9668,54.6504,18.29812774,26708.7793,11986.4336,,,,
29.4902,16163.5547,26.0009,27.0996,54.9824,18.18763823,26763.7617,12041.416,,,,
29.0488,16192.6035,25.877,27.0498,54.4531,18.36442737,26818.2148,12095.8691,,,,
29.6543,16222.2578,26.1904,26.8769,55.7969,17.92214263,26874.0117,12151.666,,,,
29.1309,16251.3887,26.2744,26.9375,54.3067,18.41393419,26928.3184,12205.9727,,,,
29.249,16280.6377,26.0967,26.9903,55.5722,17.99460882,26983.8906,12261.5449,,,,
29.9277,16310.5654,26.2188,26.7255,55.0821,18.15471814,27038.9727,12316.627,,,,
29.4043,16339.9697,26.25,27.5323,55.3066,18.08102469,27094.2793,12371.9336,,,,
29.1094,16369.0791,26.0732,27.1953,55.1074,18.14638324,27149.3867,12427.041,,,,
30.4893,16399.5684,26.25,27.0371,55.5215,18.01104077,27204.9082,12482.5625,,,,
29.1328,16428.7012,26.6347,27.0625,54.8477,18.23230509,27259.7559,12537.4102,,,,
29.332,16458.0332,25.9844,27.0762,55.7148,17.94855227,27315.4707,12593.125,,,,
29.4648,16487.498,26.25,26.6191,55.2871,18.08740194,27370.7578,12648.4121,,,,
29.0508,16516.5488,26.3535,27.1855,55.2285,18.10659352,27425.9863,12703.6406,,,,
29.0567,16545.6055,26.0293,27.0175,54.168,18.46108403,27480.1543,12757.8086,,,,
29.7304,16575.3359,25.9434,26.9415,55.5664,17.99648709,27535.7207,12813.375,,,,
29.0176,16604.3535,26.2168,26.9414,54.1895,18.45375949,27589.9102,12867.5645,,,,
29.3945,16633.748,26.0996,27.0567,55.3925,18.05298551,27645.3027,12922.957,,,,
29.2735,16663.0215,26.0918,26.5664,54.9707,18.19150929,27700.2734,12977.9277,,,,
28.8047,16691.8262,26.293,26.9336,55.6348,17.97436137,27755.9082,13033.5625,,,,
29.0429,16720.8691,26.2168,27.0567,54.3789,18.38948563,27810.2871,13087.9414,,,,
30.0528,16750.9219,26.2304,27.3242,55.3848,18.05549537,27865.6719,13143.3262,,,,
29.0293,16779.9512,25.9941,26.9609,55.0254,18.17342536,27920.6973,13198.3516,,,,
29.0625,16809.0137,26.4805,26.8554,55.3027,18.08229978,27976,13253.6543,,,,
29.6777,16838.6914,26.2207,26.8809,54.4531,18.36442737,28030.4531,13308.1074,,,,
28.7559,16867.4473,25.9942,26.8438,55.752,17.93657627,28086.2051,13363.8594,,,,
29.1933,16896.6406,26.3262,27.2031,54.3887,18.38617213,28140.5938,13418.2481,,,,
29.7461,16926.3867,26.4043,27.0449,55.2871,18.08740194,28195.8809,13473.5352,,,,
29.3692,16955.7559,26.2461,27.1093,54.7656,18.25963744,28250.6465,13528.3008,,,,
29.2617,16985.0176,26.2988,26.9004,55.6172,17.98004934,28306.2637,13583.918,,,,
30.0644,17015.082,26.2481,27.1289,54.4707,18.35849365,28360.7344,13638.3887,,,,
28.8535,17043.9355,26.3086,26.9531,55.4804,18.02438339,28416.2148,13693.8691,,,,
28.8125,17072.748,26.6035,26.6817,54.3184,18.40996789,28470.5332,13748.1875,,,,
30.0958,17102.8438,26.2031,27.1621,55.123,18.14124776,28525.6562,13803.3105,,,,
29.3222,17132.166,26.3575,27.2364,54.5508,18.33153684,28580.207,13857.8613,,,,
29.459,17161.625,26.0801,27.1524,55.5977,17.98635555,28635.8047,13913.459,,,,
29.5547,17191.1797,26.0293,26.8418,54.9043,18.21350969,28690.709,13968.3633,,,,
28.7265,17219.9062,26.1856,26.8535,55.4883,18.02181721,28746.1973,14023.8516,,,,
28.6465,17248.5527,26.3906,26.7129,55.1914,18.11876488,28801.3887,14079.043,,,,
29.8223,17278.375,25.9297,27.1055,55.1211,18.14187308,28856.5098,14134.1641,,,,
29.4629,17307.8379,26.2383,27.3398,54.3906,18.38552985,28910.9004,14188.5547,,,,
29.5137,17337.3516,26.0723,27.1211,55.8906,17.89209635,28966.791,14244.4453,,,,
29.6582,17367.0098,26.1894,26.8848,54.2305,18.43980786,29021.0215,14298.6758,,,,
28.9316,17395.9414,26.4278,26.957,55.1211,18.14187308,29076.1426,14353.7969,,,,
28.7559,17424.6973,26.3691,26.7402,54.5097,18.34535872,29130.6523,14408.3066,,,,
29.9863,17454.6836,26.457,27.1543,55.4883,18.02181721,29186.1406,14463.7949,,,,
29.3242,17484.0078,26.4355,27.211,54.6602,18.29484707,29240.8008,14518.4551,,,,
29.3926,17513.4004,26.2656,27.1387,55.5078,18.01548611,29296.3086,14573.9629,,,,
29.9023,17543.3027,26.7188,27.0332,54.6621,18.29421116,29350.9707,14628.625,,,,
28.793,17572.0957,26.1191,26.9121,54.9707,18.19150929,29405.9414,14683.5957,,,,
28.8731,17600.9688,26.0683,26.9024,54.4336,18.37100614,29460.375,14738.0293,,,,
29.6308,17630.5996,26.7754,26.7461,55.916,17.88396881,29516.291,14793.9453,,,,
29.832,17660.4316,26.3047,27.4082,54.4902,18.35192383,29570.7812,14848.4355,,,,
29.25,17689.6816,25.9492,26.9981,55.4122,18.04656736,29626.1934,14903.8477,,,,
31.0645,17720.7461,26.0196,27.2129,54.3046,18.41464627,29680.498,14958.1523,,,,
28.8379,17749.584,25.9004,26.9746,55.334,18.07207142,29735.832,15013.4863,,,,
29.3222,17778.9062,26.0762,27.3105,54.7696,18.25830388,29790.6016,15068.2559,,,,
29.8458,17808.752,26.0176,26.7402,55.4394,18.03771325,29846.041,15123.6953,,,,
28.7675,17837.5195,26.4453,26.7148,54.5781,18.3223674,29900.6191,15178.2734,,,,
29.4649,17866.9844,26.4238,27.2891,55.7051,17.95167767,29956.3242,15233.9785,,,,
30.6875,17897.6719,25.9492,27.2344,54.6465,18.29943363,30010.9707,15288.625,,,,
29.0488,17926.7207,26.2364,27.0195,55.1348,18.13736515,30066.1055,15343.7598,,,,
28.9238,17955.6445,26.168,26.8613,54.3496,18.39939944,30120.4551,15398.1094,,,,
29.7442,17985.3887,26.291,26.752,55.4941,18.01993365,30175.9492,15453.6035,,,,
28.9629,18014.3516,26.7246,26.8457,54.3418,18.40204042,30230.291,15507.9453,,,,
29.5351,18043.8867,26.4981,27.1992,55.086,18.15343281,30285.377,15563.0313,,,,
30.3594,18074.2461,26.084,27.3321,54.58,18.32172957,30339.957,15617.6113,,,,
29.1426,18103.3887,26.2969,27.2539,55.9219,17.88208198,30395.8789,15673.5332,,,,
29.0898,18132.4785,26.4902,27.125,54.1445,18.46909658,30450.0234,15727.6777,,,,
29.875,18162.3535,25.9551,26.9824,55.6368,17.97371524,30505.6602,15783.3145,,,,
28.7949,18191.1484,26.0781,26.7539,54.3632,18.39479648,30560.0234,15837.6777,,,,
29.1582,18220.3066,26.4258,26.8066,55.418,18.04467862,30615.4414,15893.0957,,,,
29.877,18250.1836,26.2617,27.1093,54.2676,18.4272015,30669.709,15947.3633,,,,
28.9941,18279.1777,26.0391,27.0839,55.7598,17.9340672,30725.4688,16003.1231,,,,
29.0196,18308.1973,26.4219,26.9824,54.6269,18.30599943,30780.0957,16057.75,,,,
29.748,18337.9453,26.4258,26.8731,55.0469,18.16632726,30835.1426,16112.7969,,,,
29.0078,18366.9531,26.3574,26.8281,54.9453,18.19991883,30890.0879,16167.7422,,,,
29.1797,18396.1328,26.3828,26.8789,55.3242,18.07527267,30945.4121,16223.0664,,,,
29.957,18426.0898,26.627,27.211,54.3809,18.38880931,30999.793,16277.4473,,,,
29.25,18455.3398,26.1406,27.3242,55.9746,17.86524602,31055.7676,16333.4219,,,,
29.4473,18484.7871,26.3281,27.4883,54.8828,18.22064472,31110.6504,16388.3047,,,,
29.7188,18514.5059,26.2129,26.9941,55.1699,18.12582586,31165.8203,16443.4746,,,,
29.1718,18543.6777,26.125,27.1446,54.4688,18.35913404,31220.2891,16497.9434,,,,
29.3047,18572.9824,26.3535,27.0684,55.4902,18.02120014,31275.7793,16553.4336,,,,
29.4766,18602.459,26.084,26.748,54.7109,18.27789344,31330.4902,16608.1445,,,,
28.9336,18631.3926,25.9609,27.0957,55.7539,17.93596502,31386.2441,16663.8984,,,,
29.289,18660.6816,26.1562,27.3594,54.8164,18.24271568,31441.0605,16718.7148,,,,
29.8672,18690.5488,26.1777,27.1426,55.7735,17.92966194,31496.834,16774.4883,,,,
29.1114,18719.6602,26.1895,26.9902,54.7949,18.24987362,31551.6289,16829.2832,,,,
29.1054,18748.7656,26.0976,26.7618,55.7149,17.94852005,31607.3438,16884.9981,,,,
29.4883,18778.2539,26.4961,26.7187,54.6035,18.31384435,31661.9473,16939.6016,,,,
29.1719,18807.4258,26.7949,27.2032,54.7851,18.25313817,31716.7324,16994.3867,,,,
29.0078,18836.4336,26.3808,27.0019,54.7051,18.27983131,31771.4375,17049.0918,,,,
29.6582,18866.0918,26.4844,26.8886,55.7109,17.94980874,31827.1484,17104.8027,,,,
29.3652,18895.457,26.2871,27.3086,54.209,18.44712133,31881.3574,17159.0117,,,,
29.4492,18924.9062,25.9941,27.1718,55.793,17.92339541,31937.1504,17214.8047,,,,
29.6172,18954.5234,26.2402,26.8164,54.332,18.40535964,31991.4824,17269.1367,,,,
28.7578,18983.2812,25.9532,26.9473,55.1914,18.11876488,32046.6738,17324.3281,,,,
29.1739,19012.4551,26.1191,27.2051,54.6465,18.29943363,32101.3203,17378.9746,,,,
30.2402,19042.6953,26.4766,27.3692,55.8164,17.91588135,32157.1367,17434.791,,,,
29.5313,19072.2266,26.3378,27.3515,54.4649,18.36044866,32211.6016,17489.2559,,,,
29.1152,19101.3418,26.2657,26.7871,55.6152,17.98069592,32267.2168,17544.8711,,,,
29.9453,19131.2871,26.1602,27.0176,54.3594,18.39608237,32321.5762,17599.2305,,,,
29.2813,19160.5684,26.0449,27.0039,55.1035,18.14766757,32376.6797,17654.334,,,,
29.0019,19189.5703,26.2207,26.9375,54.4648,18.36048237,32431.1445,17708.7988,,,,
29.9609,19219.5312,26.4629,27.1387,55.1602,18.12901331,32486.3047,17763.959,,,,
29.375,19248.9062,26.1718,27.2207,54.207,18.44780194,32540.5117,17818.166,,,,
28.9981,19277.9043,25.9687,26.7676,54.9453,18.19991883,32595.457,17873.1113,,,,
30.1074,19308.0117,26.0039,27.0137,54.8301,18.23815751,32650.2871,17927.9414,,,,
28.8262,19336.8379,26.42,26.9395,56.0703,17.83475387,32706.3574,17984.0117,,,,
29.0859,19365.9238,25.9766,27.0352,54.9903,18.18502536,32761.3477,18039.002,,,,
30.7657,19396.6895,26.2578,27.1504,55.6484,17.96996859,32816.9961,18094.6504,,,,
29.4863,19426.1758,26.4746,27.3457,54.707,18.27919645,32871.7031,18149.3574,,,,
29.4004,19455.5762,26.0351,27.2421,56.1289,17.81613393,32927.832,18205.4863,,,,
29.6152,19485.1914,25.9199,26.8437,54.6992,18.28180302,32982.5312,18260.1855,,,,
28.7891,19513.9805,26.7988,26.9355,55.9649,17.86834248,33038.4961,18316.1504,,,,
28.9062,19542.8867,25.9902,26.9297,54.6484,18.2987974,33093.1445,18370.7988,,,,
29.6133,19572.5,26.0723,26.8692,55.7383,17.94098492,33148.8828,18426.5371,,,,
29.1895,19601.6895,26.3399,27.0449,54.5234,18.34074911,33203.4062,18481.0605,,,,
29.4804,19631.1699,26.2344,27.2519,55.3438,18.06887131,33258.75,18536.4043,,,,
29.9297,19661.0996,26.0528,27.1367,54.8711,18.22452985,33313.6211,18591.2754,,,,
28.7227,19689.8223,26.0351,26.8046,55.3633,18.06250711,33368.9844,18646.6387,,,,
28.8339,19718.6562,26.7305,26.8047,54.8398,18.23493156,33423.8242,18701.4785,,,,
29.7989,19748.4551,26.2246,27.0781,55.4727,18.0268853,33479.2969,18756.9512,,,,
29.7402,19778.1953,26.3203,27.4668,54.4023,18.38157578,33533.6992,18811.3535,,,,
29.5645,19807.7598,26.9414,27.2461,55.7969,17.92214263,33589.4961,18867.1504,,,,
29.955,19837.7148,26.3828,27.1504,54.9492,18.1986271,33644.4453,18922.0996,,,,
28.8477,19866.5625,26.1309,27.0274,55.8399,17.90834153,33700.2852,18977.9395,,,,
28.9746,19895.5371,26.752,26.9981,54.457,18.36311218,33754.7422,19032.3965,,,,
29.7012,19925.2383,26.2597,26.9004,55.3008,18.08292104,33810.043,19087.6973,,,,
28.9355,19954.1738,26.0117,26.7246,54.1523,18.46643633,33864.1953,19141.8496,,,,
29.502,19983.6758,26.4648,27.2578,55.4844,18.02308397,33919.6797,19197.334,,,,
30.0762,20013.752,26.2168,27.3105,54.957,18.19604418,33974.6367,19252.291,,,,
29.2578,20043.0098,25.9922,27.1934,56.086,17.82976144,34030.7227,19308.377,,,,
29.0918,20072.1016,25.9179,27.0469,54.4335,18.37103989,34085.1562,19362.8105,,,,
29.8652,20101.9668,26.2754,27.084,55.1758,18.12388765,34140.332,19417.9863,,,,
29.4492,20131.416,26.1465,27.3144,54.4258,18.37363897,34194.7578,19472.4121,,,,
29.1406,20160.5566,26.2773,26.9492,55.8164,17.91588135,34250.5742,19528.2285,,,,
29.5899,20190.1465,26.4414,26.9902,54.6524,18.29745812,34305.2266,19582.8809,,,,
28.9453,20219.0918,26.1719,27.0507,54.9609,18.194753,34360.1875,19637.8418,,,,
28.9922,20248.084,26.205,26.9961,54.2656,18.42788065,34414.4531,19692.1074,,,,
30.2598,20278.3438,26.5957,27.4727,55.2227,18.10849524,34469.6758,19747.3301,,,,
29.5117,20307.8555,26.1465,27.4121,54.3711,18.39212376,34524.0469,19801.7012,,,,
29.3007,20337.1562,25.9687,27.0801,55.539,18.0053656,34579.5859,19857.2402,,,,
29.7227,20366.8789,26.3164,26.8282,54.3985,18.38285982,34633.9844,19911.6387,,,,
29.1856,20396.0645,26.2676,27.3496,55.4531,18.03325693,34689.4375,19967.0918,,,,
29.1503,20425.2148,26.1055,27.2012,54.9414,18.20121074,34744.3789,20022.0332,,,,
29.9649,20455.1797,26.2754,27.0235,,,,,55.0352,18.17018926,34799.4141,20077.0684
28.8164,20483.9961,25.9942,26.6289,,,,,54.4375,18.36969001,34853.8516,20131.5059
29.168,20513.1641,25.9336,26.9375,,,,,55.5976,17.9863879,34909.4492,20187.1035
29.6601,20542.8242,26.4961,26.7578,,,,,54.9883,18.18568677,34964.4375,20242.0918
29.4356,20572.2598,26.3496,27.3653,,,,,54.9141,18.2102593,35019.3516,20297.0059
29.3457,20601.6055,25.9902,27.3692,,,,,54.3164,18.41064577,35073.668,20351.3223
29.8457,20631.4512,25.9726,26.8379,,,,,55.6406,17.97248772,35129.3086,20406.9629
29.6894,20661.1406,26.3867,27.1133,,,,,54.4453,18.36705831,35183.7539,20461.4082
29.0391,20690.1797,25.9571,26.8301,,,,,54.918,18.20896609,35238.6719,20516.3262
30.1152,20720.2949,25.9981,27.0332,,,,,54.7851,18.25313817,35293.457,20571.1113
29.0801,20749.375,26.3886,27.127,,,,,55.1446,18.13414187,35348.6016,20626.2559
29.2129,20778.5879,26.332,27.2852,,,,,54.3828,18.38816685,35402.9844,20680.6387
30.0703,20808.6582,26.0156,27.1953,,,,,55.4336,18.03960053,35458.418,20736.0723
29.0117,20837.6699,26.4512,26.8613,,,,,54.8047,18.24661024,35513.2227,20790.877
28.9805,20866.6504,25.9883,26.8164,,,,,55.5117,18.01422043,35568.7344,20846.3887
29.5762,20896.2266,26.3203,26.834,,,,,54.3672,18.39344311,35623.1016,20900.7559
28.7089,20924.9355,26.4414,26.8711,,,,,55.5625,17.99775028,35678.6641,20956.3184
29.3223,20954.2578,26.0391,27.2696,,,,,54.5976,18.31582341,35733.2617,21010.916
29.9551,20984.2129,25.9649,27.205,,,,,55.7891,17.92464836,35789.0508,21066.7051
29.2226,21013.4355,26.4883,26.9609,,,,,55.1797,18.12260668,35844.2305,21121.8848
29.2793,21042.7148,26.3359,27.0527,,,,,55.5547,18.0002772,35899.7852,21177.4395
29.627,21072.3418,26.3886,26.9883,,,,,54.7695,18.25833721,35954.5547,21232.209
29.0937,21101.4355,26.7422,27.2402,,,,,55.3281,18.07399856,36009.8828,21287.5371
28.9375,21130.373,26.2793,26.9609,,,,,54.6758,18.28962722,36064.5586,21342.2129
29.711,21160.084,26.5489,26.916,,,,,55.7266,17.9447517,36120.2852,21397.9395
29.0527,21189.1367,26.1015,26.9121,,,,,54.621,18.30797679,36174.9062,21452.5605
28.9356,21218.0723,26.8086,26.8204,,,,,55.7188,17.94726376,36230.625,21508.2793
29.8828,21247.9551,26.2969,27.1445,,,,,54.2852,18.42122715,36284.9102,21562.5645
29.2597,21277.2148,26.2343,27.4199,,,,,55.496,18.01931671,36340.4062,21618.0605
29.084,21306.2988,26.4199,27.0644,,,,,54.9102,18.21155268,36395.3164,21672.9707
29.8457,21336.1445,26.6836,27.0117,,,,,55.5859,17.99017377,36450.9023,21728.5566
29.0586,21365.2031,26.1036,26.9062,,,,,55.0782,18.15600365,36505.9805,21783.6348
29.002,21394.2051,26.375,26.793,,,,,56.0859,17.82979323,36562.0664,21839.7207
30.0019,21424.207,26.1777,27.0761,,,,,54.707,18.27919645,36616.7734,21894.4277
29.1856,21453.3926,25.9687,27.1738,,,,,55.5352,18.00659762,36672.3086,21949.9629
29.1054,21482.498,26.0899,27.1054,,,,,54.418,18.37627256,36726.7266,22004.3809
29.711,21512.209,26.4844,26.9238,,,,,56.0781,17.8322732,36782.8047,22060.459
29.2051,21541.4141,25.9434,27.0762,,,,,54.3672,18.39344311,36837.1719,22114.8262
29.2988,21570.7129,26.1757,27.1074,,,,,55.3554,18.06508489,36892.5273,22170.1816
29.4512,21600.1641,26.4688,26.8086,,,,,54.2344,18.43848185,36946.7617,22224.416
29.1562,21629.3203,26.2383,27.3144,,,,,55.3711,18.05996269,37002.1328,22279.7871
29.0606,21658.3809,26.1524,27.1367,,,,,54.2891,18.41990381,37056.4219,22334.0762
29.9843,21688.3652,26.586,27.2129,,,,,55.789,17.92468049,37112.2109,22389.8652
29.2442,21717.6094,26.6094,27.0683,,,,,54.8008,18.24790879,37167.0117,22444.666
29.2734,21746.8828,26.1504,27.1191,,,,,55.5625,17.99775028,37222.5742,22500.2285
29.5723,21776.4551,26.539,26.8828,,,,,54.293,18.41858066,37276.8672,22554.5215
28.9023,21805.3574,26.3066,27.0586,,,,,55.4414,18.03706256,37332.3086,22609.9629
29.3379,21834.6953,26.0625,27.3359,,,,,54.3476,18.40007654,37386.6562,22664.3105
30.1953,21864.8906,26.3672,27.3438,,,,,55.7774,17.92840828,37442.4336,22720.0879
29.1992,21894.0898,26.4043,27.084,,,,,54.6367,18.30271594,37497.0703,22774.7246
29.334,21923.4238,25.8984,27.1543,,,,,55.4883,18.02181721,37552.5586,22830.2129
29.7696,21953.1934,26.4727,26.9571,,,,,54.5156,18.34337327,37607.0742,22884.7285
28.625,21981.8184,26.2305,26.8125,,,,,55.6446,17.97119577,37662.7188,22940.3731
29.1054,22010.9238,26.0156,27.1445,,,,,54.7851,18.25313817,37717.5039,22995.1582
30.7051,22041.6289,26.2382,27.1934,,,,,55.7695,17.93094792,37773.2734,23050.9277
28.9258,22070.5547,26.2969,26.8789,,,,,54.7539,18.26353922,37828.0273,23105.6816
29.0058,22099.5605,26.2422,26.8731,,,,,55.6719,17.96238318,37883.6992,23161.3535
30.2969,22129.8574,26.1484,27.1582,,,,,54.9024,18.21414,37938.6016,23216.2559
29.2422,22159.0996,26.502,27.375,,,,,55.3476,18.06763076,37993.9492,23271.6035
29.1309,22188.2305,26.3808,27.1367,,,,,54.3711,18.39212376,38048.3203,23325.9746
30.416,22218.6465,26.166,26.9433,,,,,55.6797,17.95986688,38104,23381.6543
28.9512,22247.5977,26.5157,26.8711,,,,,55.0234,18.17408593,38159.0234,23436.6777
29.2382,22276.8359,26.211,27.0273,,,,,55.3282,18.0739659,38214.3516,23492.0059
30.2325,22307.0684,25.9492,27.4609,,,,,54.7578,18.26223844,38269.1094,23546.7637
29.0332,22336.1016,26.3945,27.1347,,,,,55.6523,17.96870929,38324.7617,23602.416
29.0488,22365.1504,26.3926,27.1094,,,,,54.6055,18.31317358,38379.3672,23657.0215
29.7051,22394.8555,26.2187,26.914,,,,,55.3906,18.05360476,38434.7578,23712.4121
29.1191,22423.9746,26.5684,27.0664,,,,,54.6914,18.28441035,38489.4492,23767.1035
29.2305,22453.2051,26.1797,27.0801,,,,,55.5508,18.00154093,38545,23822.6543
30.0761,22483.2812,26.0176,27.377,,,,,54.7656,18.25963744,38599.7656,23877.4199
29.3536,22512.6348,25.9609,27.459,,,,,55.9961,17.85838657,38655.7617,23933.416
29.1172,22541.752,26.5703,27.1446,,,,,54.4336,18.37100614,38710.1953,23987.8496
29.5937,22571.3457,26.416,26.8105,,,,,55.457,18.03198875,38765.6523,24043.3066
29.3711,22600.7168,26.0351,27.2441,,,,,54.5821,18.32102466,38820.2344,24097.8887
29.3066,22630.0234,26.2637,27.1504,,,,,55.2304,18.10597062,38875.4648,24153.1191
29.8106,22659.834,25.9609,27.1055,,,,,54.2969,18.41725771,38929.7617,24207.416
28.918,22688.752,26.6094,27.0312,,,,,55.6641,17.96490018,38985.4258,24263.0801
29.1875,22717.9395,26.8399,27.2168,,,,,54.418,18.37627256,39039.8438,24317.4981
30.0488,22747.9883,26.293,27.2324,,,,,54.9843,18.18700975,39094.8281,24372.4824
29.2129,22777.2012,25.9981,27.0449,,,,,54.6758,18.28962722,39149.5039,24427.1582
29.2441,22806.4453,26.5605,27.0977,,,,,55.582,17.99143608,39205.0859,24482.7402
29.4609,22835.9062,26.2813,26.7793,,,,,54.4961,18.34993697,39259.582,24537.2363
28.8438,22864.75,26.0313,26.9746,,,,,55.6914,17.95609376,39315.2734,24592.9277
29.1387,22893.8887,26.5156,27.1524,,,,,54.875,18.22323462,39370.1484,24647.8027
30.3008,22924.1895,26.5567,27.4707,,,,,55.3477,18.06759811,39425.4961,24703.1504
29.039,22953.2285,26.3359,26.959,,,,,54.7187,18.27528797,39480.2148,24757.8691
29.1016,22982.3301,25.9551,26.998,,,,,55.4688,18.02815276,39535.6836,24813.3379
29.5722,23011.9023,26.6934,26.8242,,,,,54.8437,18.23363486,39590.5273,24868.1816
29.0801,23040.9824,26.2032,26.8418,,,,,55.5665,17.9964547,39646.0938,24923.7481
29.4395,23070.4219,26.2011,27.2246,,,,,54.5624,18.32763955,39700.6562,24978.3105
30.1328,23100.5547,26.5175,27.1875,,,,,54.8477,18.23230509,39755.5039,25033.1582
29.6387,23130.1934,26.5704,27.3868,,,,,54.5117,18.34468564,39810.0156,25087.6699
29.0097,23159.2031,25.9199,26.7695,,,,,55.8594,17.90208989,39865.875,25143.5293
30.0996,23189.3027,26.4004,27.1133,,,,,54.6875,18.28571429,39920.5625,25198.2168
28.7735,23218.0762,26.4629,26.9257,,,,,55.3789,18.05741898,39975.9414,25253.5957
28.7519,23246.8281,26.2012,26.7344,,,,,54.4492,18.36574275,40030.3906,25308.0449
30.2168,23277.0449,26.6582,27.2852,,,,,55.1914,18.11876488,40085.582,25363.2363
29.4063,23306.4512,26.2695,27.2695,,,,,54.418,18.37627256,40140,25417.6543
29.1972,23335.6484,26.0351,27.043,,,,,55.5547,18.0002772,40195.5547,25473.209
29.7286,23365.377,26.4492,26.8028,,,,,54.5391,18.33546942,40250.0938,25527.7481
29.33,23394.707,26.3399,27.4239,,,,,55.2226,18.10852803,40305.3164,25582.9707
29.1485,23423.8555,26.2812,27.0782,,,,,54.8672,18.22582527,40360.1836,25637.8379
30.4336,23454.2891,26.127,27.0976,,,,,55.6406,17.97248772,40415.8242,25693.4785
29.3027,23483.5918,26.7168,26.9511,,,,,54.5039,18.34731093,40470.3281,25747.9824
29.0254,23512.6172,25.9609,26.9023,,,,,55.4297,18.04086979,40525.7578,25803.4121
30.1738,23542.791,26.0684,26.8379,,,,,54.5781,18.3223674,40580.3359,25857.9902
29.0235,23571.8145,26.3633,27.1816,,,,,55.5703,17.99522407,40635.9062,25913.5605
29.0449,23600.8594,26.2754,27.0567,,,,,54.7618,18.2609045,40690.668,25968.3223
30.0488,23630.9082,26.2656,27.2266,,,,,55.582,17.99143608,40746.25,26023.9043
29.3516,23660.2598,26.6094,27.1074,,,,,54.9258,18.20638024,40801.1758,26078.8301
29.1797,23689.4395,26.2891,27.1308,,,,,55.6719,17.96238318,40856.8477,26134.502
29.621,23719.0605,25.9961,26.8633,,,,,54.5625,18.32760596,40911.4102,26189.0645
29.2461,23748.3066,26.5918,27.4219,,,,,55.3437,18.06890396,40966.7539,26244.4082
29.4278,23777.7344,26.4258,27.3907,,,,,54.168,18.46108403,41020.9219,26298.5762
29.9472,23807.6816,26.8672,27.0762,,,,,55.6719,17.96238318,41076.5938,26354.2481
29.1094,23836.791,26.0488,26.9903,,,,,54.7773,18.25573732,41131.3711,26409.0254
29.1231,23865.9141,26.6172,27.0508,,,,,55.7695,17.93094792,41187.1406,26464.7949
29.539,23895.4531,26.2734,26.8047,,,,,54.7149,18.27655721,41241.8555,26519.5098
28.5371,23923.9902,26.1719,26.7188,,,,,55.6797,17.95986688,41297.5352,26575.1895
29.2559,23953.2461,26.6738,27.2637,,,,,54.1679,18.46111812,41351.7031,26629.3574
29.8457,23983.0918,26.3867,27.0644,,,,,55.9219,17.88208198,41407.625,26685.2793
29.2031,24012.2949,26.17,27.0684,,,,,55.0898,18.15218062,41462.7148,26740.3691
29.2852,24041.5801,26.6816,27.1777,,,,,55.3399,18.07014469,41518.0547,26795.709
30.0351,24071.6152,26.6093,27.2988,,,,,54.6836,18.28701841,41572.7383,26850.3926
28.8282,24100.4434,26.252,26.9668,,,,,55.8515,17.90462208,41628.5898,26906.2441
28.9296,24129.373,26.5273,26.9551,,,,,54.5274,18.33940368,41683.1172,26960.7715
29.9532,24159.3262,26.2871,27.1699,,,,,55.6953,17.9548364,41738.8125,27016.4668
29.334,24188.6602,26.0117,27.0781,,,,,54.7813,18.25440433,41793.5938,27071.2481
29.0273,24217.6875,26.8476,26.8496,,,,,55.3632,18.06253974,41848.957,27126.6113
30.082,24247.7695,26.1524,27.3008,,,,,54.4883,18.35256376,41903.4453,27181.0996
28.9336,24276.7031,26.1367,27.0703,,,,,55.8672,17.89959046,41959.3125,27236.9668
29.0352,24305.7383,26.3515,26.9883,,,,,54.8555,18.22971261,42014.168,27291.8223
29.9004,24335.6387,27.1778,27.0175,,,,,55.1211,18.14187308,42069.2891,27346.9434
29.1465,24364.7852,26.2754,26.9355,,,,,55.0625,18.16118048,42124.3516,27402.0059
35.0898,24399.875,26.3125,32.8906,,,,,55.1796,18.12263953,42179.5312,27457.1855
55.2285,24455.1035,26.2051,52.1152,,,,,54.0977,18.48507423,42233.6289,27511.2832
54.3516,24509.4551,26.1875,52.2325,,,,,55.5899,17.98887927,42289.2188,27566.8731
55.4062,24564.8613,26.1524,52.0703,,,,,54.1445,18.46909658,42343.3633,27621.0176
54.8223,24619.6836,26.0254,52.3086,,,,,55.7656,17.93220193,42399.1289,27676.7832
55.3906,24675.0742,25.6621,52.5664,,,,,54.7773,18.25573732,42453.9062,27731.5605
54.5879,24729.6621,25.7383,52.4082,,,,,55.3008,18.08292104,42509.207,27786.8613
55.3301,24784.9922,25.4883,52.2773,,,,,54.4883,18.35256376,42563.6953,27841.3496
54.8808,24839.873,26.0313,52.8828,,,,,,,,
55.2383,24895.1113,25.6836,52.0742,,,,,,,,
54.625,24949.7363,25.6152,52.3457,,,,,,,,
55.1211,25004.8574,25.7286,52.2383,,,,,,,,
54.4707,25059.3281,25.9082,52.3926,,,,,,,,
55.9336,25115.2617,25.5684,52.8046,,,,,,,,
54.1563,25169.418,26.0371,52.0761,,,,,,,,
55.4726,25224.8906,26.2949,52.5879,,,,,,,,
54.9668,25279.8574,26.1582,52.4668,,,,,,,,
55.25,25335.1074,25.3809,52.4023,,,,,,,,
54.2285,25389.3359,25.5098,52.0996,,,,,,,,
55.8829,25445.2188,26.3145,52.5391,,,,,,,,
54.0781,25499.2969,25.961,52.0488,,,,,,,,
55.0898,25554.3867,26.3321,52.1953,,,,,,,,
54.5625,25608.9492,25.6386,52.3555,,,,,,,,
55.2559,25664.2051,25.7461,52.3067,,,,,,,,
54.748,25718.9531,25.7285,52.0039,,,,,,,,
55.2344,25774.1875,26.1153,52.1074,,,,,,,,
54.3867,25828.5742,25.75,52.2871,,,,,,,,
55.293,25883.8672,26.1641,52.3731,,,,,,,,
54.3672,25938.2344,25.6192,52.2422,,,,,,,,
55.6426,25993.877,25.5391,52.4277,,,,,,,,
54.4199,26048.2969,25.5821,52.3613,,,,,,,,
55.2226,26103.5195,26.2735,52.375,,,,,,,,
55.0899,26158.6094,26.1074,52.9004,,,,,,,,
54.9492,26213.5586,25.7949,52.0918,,,,,,,,
54.6836,26268.2422,25.5098,52.6777,,,,,,,,
56.0664,26324.3086,26.043,52.8574,,,,,,,,
54.1797,26378.4883,25.4453,52.0664,,,,,,,,
55.1855,26433.6738,26.4493,52.3535,,,,,,,,
54.6582,26488.332,25.7793,52.4883,,,,,,,,
55.4571,26543.7891,25.873,52.5684,,,,,,,,
54.6582,26598.4473,25.5273,52.5937,,,,,,,,
55.6816,26654.1289,25.7461,52.4902,,,,,,,,
54.6504,26708.7793,25.5644,52.4922,,,,,,,,
54.9824,26763.7617,26.0234,52.1602,,,,,,,,
54.4531,26818.2148,25.9609,52.2891,,,,,,,,
55.7969,26874.0117,25.6523,52.7676,,,,,,,,
54.3067,26928.3184,25.4121,52.2461,,,,,,,,
55.5722,26983.8906,25.4043,52.6074,,,,,,,,
55.0821,27038.9727,26.0234,52.916,,,,,,,,
55.3066,27094.2793,26.0137,52.0938,,,,,,,,
55.1074,27149.3867,25.627,52.9785,,,,,,,,
55.5215,27204.9082,26.082,52.3242,,,,,,,,
54.8477,27259.7559,25.8809,52.6954,,,,,,,,
55.7148,27315.4707,25.7773,52.6211,,,,,,,,
55.2871,27370.7578,26.166,52.4707,,,,,,,,
55.2285,27425.9863,25.9023,52.1758,,,,,,,,
54.168,27480.1543,25.75,52.1055,,,,,,,,
55.5664,27535.7207,25.3671,52.3808,,,,,,,,
54.1895,27589.9102,25.3613,52.1387,,,,,,,,
55.3925,27645.3027,25.8165,52.5293,,,,,,,,
54.9707,27700.2734,26.3496,52.7968,,,,,,,,
55.6348,27755.9082,25.7285,52.5918,,,,,,,,
54.3789,27810.2871,26.0137,52.2871,,,,,,,,
55.3848,27865.6719,25.457,52.4492,,,,,,,,
55.0254,27920.6973,25.7578,52.6328,,,,,,,,
55.3027,27976,25.832,52.3652,,,,,,,,
54.4531,28030.4531,25.7441,52.3554,,,,,,,,
55.752,28086.2051,25.7929,52.5664,,,,,,,,
54.3887,28140.5938,25.9785,52.3515,,,,,,,,
55.2871,28195.8809,25.8555,52.4375,,,,,,,,
54.7656,28250.6465,25.6524,52.5508,,,,,,,,
55.6172,28306.2637,25.9336,52.6582,,,,,,,,
54.4707,28360.7344,26,52.3516,,,,,,,,
55.4804,28416.2148,25.8437,52.2383,,,,,,,,
54.3184,28470.5332,26.1973,52.2617,,,,,,,,
55.123,28525.6562,26.0059,52.3164,,,,,,,,
54.5508,28580.207,25.6973,52.332,,,,,,,,
55.5977,28635.8047,26.0332,52.4961,,,,,,,,
54.9043,28690.709,25.9434,52.8086,,,,,,,,
55.4883,28746.1973,25.6601,52.5176,,,,,,,,
55.1914,28801.3887,25.5078,52.7832,,,,,,,,
55.1211,28856.5098,25.6777,52.1152,,,,,,,,
54.3906,28910.9004,25.8692,52.252,,,,,,,,
55.8906,28966.791,25.6015,52.3867,,,,,,,,
54.2305,29021.0215,25.8613,52.1015,,,,,,,,
55.1211,29076.1426,25.5312,52.1563,,,,,,,,
54.5097,29130.6523,25.8457,52.3047,,,,,,,,
55.4883,29186.1406,25.4472,52.543,,,,,,,,
54.6602,29240.8008,26.0273,52.539,,,,,,,,
55.5078,29296.3086,26.0801,52.2734,,,,,,,,
54.6621,29350.9707,25.7734,52.5215,,,,,,,,
54.9707,29405.9414,25.6739,52.0722,,,,,,,,
54.4336,29460.375,25.6699,52.2422,,,,,,,,
55.916,29516.291,25.5254,52.7598,,,,,,,,
54.4902,29570.7812,25.8242,52.3613,,,,,,,,
55.4122,29626.1934,25.7656,52.4649,,,,,,,,
54.3046,29680.498,25.7539,52.0938,,,,,,,,
55.334,29735.832,25.5273,52.4922,,,,,,,,
54.7696,29790.6016,25.6758,52.7227,,,,,,,,
55.4394,29846.041,25.7402,52.209,,,,,,,,
54.5781,29900.6191,25.9805,52.582,,,,,,,,
55.7051,29956.3242,25.9629,52.7343,,,,,,,,
54.6465,30010.9707,25.5703,52.4082,,,,,,,,
55.1348,30066.1055,25.7422,52.2481,,,,,,,,
54.3496,30120.4551,25.539,52.3125,,,,,,,,
55.4941,30175.9492,26.2031,52.3828,,,,,,,,
54.3418,30230.291,26.1152,52.3692,,,,,,,,
55.086,30285.377,25.7461,52.248,,,,,,,,
54.58,30339.957,25.8731,52.4785,,,,,,,,
55.9219,30395.8789,25.8047,52.9981,,,,,,,,
54.1445,30450.0234,25.7891,52.1328,,,,,,,,
55.6368,30505.6602,26.4473,52.6035,,,,,,,,
54.3632,30560.0234,25.8379,52.2247,,,,,,,,
55.418,30615.4414,25.5996,52.6524,,,,,,,,
54.2676,30669.709,25.5918,52.2031,,,,,,,,
55.7598,30725.4688,25.4882,52.711,,,,,,,,
54.6269,30780.0957,25.8184,52.6114,,,,,,,,
55.0469,30835.1426,26.3906,52.1387,,,,,,,,
54.9453,30890.0879,26.1153,52.6953,,,,,,,,
55.3242,30945.4121,26.1348,52.248,,,,,,,,
54.3809,30999.793,25.4961,52.3125,,,,,,,,
55.9746,31055.7676,25.4746,52.8242,,,,,,,,
54.8828,31110.6504,25.5137,52.8359,,,,,,,,
55.1699,31165.8203,25.957,52.2481,,,,,,,,
54.4688,31220.2891,25.7285,52.2735,,,,,,,,
55.4902,31275.7793,25.7128,52.4824,,,,,,,,
54.7109,31330.4902,25.502,52.6621,,,,,,,,
55.7539,31386.2441,25.6348,52.6192,,,,,,,,
54.8164,31441.0605,25.9746,52.67,,,,,,,,
55.7735,31496.834,26.0762,52.6152,,,,,,,,
54.7949,31551.6289,25.586,52.459,,,,,,,,
55.7149,31607.3438,25.5117,52.6035,,,,,,,,
54.6035,31661.9473,25.4864,52.4825,,,,,,,,
54.7851,31716.7324,25.541,51.7364,,,,,,,,
54.7051,31771.4375,26.3379,52.4355,,,,,,,,
55.7109,31827.1484,26.2089,52.4668,,,,,,,,
54.209,31881.3574,25.6836,52.1992,,,,,,,,
55.793,31937.1504,25.9219,52.7286,,,,,,,,
54.332,31991.4824,25.6758,52.3106,,,,,,,,
55.1914,32046.6738,25.6836,52.3027,,,,,,,,
54.6465,32101.3203,26.1914,52.4394,,,,,,,,
55.8164,32157.1367,25.834,52.8321,,,,,,,,
54.4649,32211.6016,25.8515,52.4414,,,,,,,,
55.6152,32267.2168,25.4589,52.5078,,,,,,,,
54.3594,32321.5762,25.6582,52.2559,,,,,,,,
55.1035,32376.6797,26.2754,52.2598,,,,,,,,
54.4648,32431.1445,25.9785,52.375,,,,,,,,
55.1602,32486.3047,25.6582,52.1074,,,,,,,,
54.207,32540.5117,25.9277,52.1387,,,,,,,,
54.9453,32595.457,25.6328,52.0469,,,,,,,,
54.8301,32650.2871,25.9003,52.5958,,,,,,,,
56.0703,32706.3574,25.6289,52.8848,,,,,,,,
54.9903,32761.3477,26.0352,52.9199,,,,,,,,
55.6484,32816.9961,25.9414,52.5332,,,,,,,,
54.707,32871.7031,25.7109,52.5235,,,,,,,,
56.1289,32927.832,25.7305,52.9571,,,,,,,,
54.6992,32982.5312,25.6367,52.4649,,,,,,,,
55.9649,33038.4961,26.3476,52.8281,,,,,,,,
54.6484,33093.1445,25.8437,52.5195,,,,,,,,
55.7383,33148.8828,26.1367,52.4921,,,,,,,,
54.5234,33203.4062,25.6602,52.375,,,,,,,,
55.3438,33258.75,25.7188,52.4335,,,,,,,,
54.8711,33313.6211,26.1992,52.7304,,,,,,,,
55.3633,33368.9844,25.7031,52.1914,,,,,,,,
54.8398,33423.8242,25.7539,52.7305,,,,,,,,
55.4727,33479.2969,25.7031,52.4492,,,,,,,,
54.4023,33533.6992,25.5781,52.1641,,,,,,,,
55.7969,33589.4961,26.1445,52.7539,,,,,,,,
54.9492,33644.4453,25.8008,52.8632,,,,,,,,
55.8399,33700.2852,26.0391,52.4375,,,,,,,,
54.457,33754.7422,26.0938,52.2852,,,,,,,,
55.3008,33810.043,25.4844,52.3007,,,,,,,,
54.1523,33864.1953,25.4454,51.9258,,,,,,,,
55.4844,33919.6797,26.2656,52.418,,,,,,,,
54.957,33974.6367,25.9804,52.793,,,,,,,,
56.086,34030.7227,25.7813,52.9414,,,,,,,,
54.4335,34085.1562,26.1601,52.2695,,,,,,,,
55.1758,34140.332,25.8593,52.2695,,,,,,,,
54.4258,34194.7578,25.9844,52.2539,,,,,,,,
55.8164,34250.5742,25.9765,52.7227,,,,,,,,
54.6524,34305.2266,26.0195,52.6133,,,,,,,,
54.9609,34360.1875,25.8281,51.9492,,,,,,,,
54.2656,34414.4531,25.5039,52.0352,,,,,,,,
55.2227,34469.6758,25.461,52.2617,,,,,,,,
54.3711,34524.0469,25.4687,52.3124,,,,,,,,
55.539,34579.5859,25.8867,52.4219,,,,,,,,
54.3985,34633.9844,25.8282,52.3632,,,,,,,,
55.4531,34689.4375,25.6172,52.5273,,,,,,,,
54.9414,34744.3789,25.8672,52.7266,,,,,,,,
55.0352,34799.4141,26.1836,52.0781,,,,,,,,
54.4375,34853.8516,25.8125,52.3281,,,,,,,,
55.5976,34909.4492,25.914,52.461,,,,,,,,
54.9883,34964.4375,25.668,52.7735,,,,,,,,
54.9141,35019.3516,25.9336,51.9922,,,,,,,,
54.3164,35073.668,25.7422,52.1562,,,,,,,,
55.6406,35129.3086,25.8516,52.4961,,,,,,,,
54.4453,35183.7539,26.4453,52.3438,,,,,,,,
54.918,35238.6719,25.7266,51.875,,,,,,,,
54.7851,35293.457,25.9336,52.543,,,,,,,,
55.1446,35348.6016,25.5781,52.2266,,,,,,,,
54.3828,35402.9844,25.5508,52.3399,,,,,,,,
55.4336,35458.418,25.5351,52.3711,,,,,,,,
54.8047,35513.2227,25.5508,52.6641,,,,,,,,
55.5117,35568.7344,26.1093,52.3242,,,,,,,,
54.3672,35623.1016,25.6367,52.1446,,,,,,,,
55.5625,35678.6641,25.6836,52.5,,,,,,,,
54.5976,35733.2617,25.9766,52.5274,,,,,,,,
55.7891,35789.0508,25.7461,52.582,,,,,,,,
55.1797,35844.2305,26.0352,52.9492,,,,,,,,
55.5547,35899.7852,25.9609,52.3984,,,,,,,,
54.7695,35954.5547,25.6406,52.5585,,,,,,,,
55.3281,36009.8828,25.5156,52.1758,,,,,,,,
54.6758,36064.5586,25.4024,52.5273,,,,,,,,
55.7266,36120.2852,26.1328,52.6641,,,,,,,,
54.621,36174.9062,25.9414,52.457,,,,,,,,
55.7188,36230.625,25.7148,52.7149,,,,,,,,
54.2852,36284.9102,25.9882,52.1055,,,,,,,,
55.496,36340.4062,25.4922,52.2187,,,,,,,,
54.9102,36395.3164,25.3437,52.7226,,,,,,,,
55.5859,36450.9023,26.1211,52.5547,,,,,,,,
55.0782,36505.9805,25.7305,52.4532,,,,,,,,
56.0859,36562.0664,25.8203,52.961,,,,,,,,
54.707,36616.7734,25.4766,52.5312,,,,,,,,
55.5352,36672.3086,25.5078,52.4414,,,,,,,,
54.418,36726.7266,25.5664,52.3086,,,,,,,,
56.0781,36782.8047,25.9571,52.875,,,,,,,,
54.3672,36837.1719,25.8164,52.125,,,,,,,,
55.3554,36892.5273,25.8282,52.2656,,,,,,,,
54.2344,36946.7617,25.9492,52.1094,,,,,,,,
55.3711,37002.1328,25.6602,52.3047,,,,,,,,
54.2891,37056.4219,25.9453,52.0782,,,,,,,,
55.789,37112.2109,25.6992,52.6367,,,,,,,,
54.8008,37167.0117,25.7148,52.4414,,,,,,,,
55.5625,37222.5742,25.7227,52.3594,,,,,,,,
54.293,37276.8672,25.5938,52.1445,,,,,,,,
55.4414,37332.3086,25.457,52.3516,,,,,,,,
54.3476,37386.6562,26.043,52.1329,,,,,,,,
55.7774,37442.4336,25.7032,52.586,,,,,,,,
54.6367,37497.0703,25.832,52.5313,,,,,,,,
55.4883,37552.5586,25.625,52.3515,,,,,,,,
54.5156,37607.0742,25.6055,52.3672,,,,,,,,
55.6446,37662.7188,25.4219,52.6406,,,,,,,,
54.7851,37717.5039,26.1406,52.5469,,,,,,,,
55.7695,37773.2734,25.8203,52.4336,,,,,,,,
54.7539,37828.0273,26.0078,52.6679,,,,,,,,
55.6719,37883.6992,25.6719,52.6093,,,,,,,,
54.9024,37938.6016,25.6602,52.6485,,,,,,,,
55.3476,37993.9492,26.0079,52.3711,,,,,,,,
54.3711,38048.3203,25.8828,52.2032,,,,,,,,
55.6797,38104,26.0742,52.4688,,,,,,,,
55.0234,38159.0234,25.7071,52.8672,,,,,,,,
55.3282,38214.3516,25.6797,52.3125,,,,,,,,
54.7578,38269.1094,25.6289,52.4844,,,,,,,,
55.6523,38324.7617,25.8945,52.5117,,,,,,,,
54.6055,38379.3672,25.7461,52.2852,,,,,,,,
55.3906,38434.7578,25.668,52.1954,,,,,,,,
54.6914,38489.4492,25.6094,52.4531,,,,,,,,
55.5508,38545,25.3984,52.5156,,,,,,,,
54.7656,38599.7656,26.0468,52.4766,,,,,,,,
55.9961,38655.7617,25.8632,52.7188,,,,,,,,
54.4336,38710.1953,25.668,52.3633,,,,,,,,
55.457,38765.6523,25.8477,52.4336,,,,,,,,
54.5821,38820.2344,25.4844,52.3906,,,,,,,,
55.2304,38875.4648,25.5859,52.3282,,,,,,,,
54.2969,38929.7617,26.0508,52.1171,,,,,,,,
55.6641,38985.4258,25.7656,52.2422,,,,,,,,
54.418,39039.8438,25.832,52.2539,,,,,,,,
54.9843,39094.8281,25.3711,52.0508,,,,,,,,
54.6758,39149.5039,25.5039,52.4179,,,,,,,,
55.582,39205.0859,25.543,52.5625,,,,,,,,
54.4961,39259.582,26.0429,52.3711,,,,,,,,
55.6914,39315.2734,26.0312,52.4688,,,,,,,,
54.875,39370.1484,25.7149,52.7578,,,,,,,,
55.3477,39425.4961,25.5898,52.3945,,,,,,,,
54.7187,39480.2148,25.8711,52.457,,,,,,,,
55.4688,39535.6836,26.0937,52.3711,,,,,,,,
54.8437,39590.5273,25.7812,52.6992,,,,,,,,
55.5665,39646.0938,25.7851,52.4414,,,,,,,,
54.5624,39700.6562,25.8164,52.3946,,,,,,,,
54.8477,39755.5039,25.6875,51.9531,,,,,,,,
54.5117,39810.0156,26.125,52.4335,,,,,,,,
55.8594,39865.875,26.1367,52.6914,,,,,,,,
54.6875,39920.5625,25.8984,52.6367,,,,,,,,
55.3789,39975.9414,26,52.5273,,,,,,,,
54.4492,40030.3906,25.5117,52.2266,,,,,,,,
55.1914,40085.582,25.8008,52.3125,,,,,,,,
54.418,40140,25.4922,52.3437,,,,,,,,
55.5547,40195.5547,26.1132,52.3985,,,,,,,,
54.5391,40250.0938,25.6836,52.4297,,,,,,,,
55.2226,40305.3164,25.9024,52.3516,,,,,,,,
54.8672,40360.1836,25.5195,52.6133,,,,,,,,
55.6406,40415.8242,25.8672,52.5743,,,,,,,,
54.5039,40470.3281,26.1524,52.418,,,,,,,,
55.4297,40525.7578,26.0312,52.3555,,,,,,,,
54.5781,40580.3359,26.3008,52.3907,,,,,,,,
55.5703,40635.9062,25.9296,52.6563,,,,,,,,
54.7618,40690.668,25.5313,52.6367,,,,,,,,
55.582,40746.25,25.5586,52.3828,,,,,,,,
54.9258,40801.1758,26.0234,52.8593,,,,,,,,
55.6719,40856.8477,26.1367,52.5899,,,,,,,,
54.5625,40911.4102,25.7773,52.3437,,,,,,,,
55.3437,40966.7539,25.4844,52.4376,,,,,,,,
54.168,41020.9219,25.5664,52.0937,,,,,,,,
55.6719,41076.5938,25.6719,52.4922,,,,,,,,
54.7773,41131.3711,26.0352,52.7344,,,,,,,,
55.7695,41187.1406,25.8477,52.6992,,,,,,,,
54.7149,41241.8555,25.6055,52.4883,,,,,,,,
55.6797,41297.5352,25.4687,52.6797,,,,,,,,
54.1679,41351.7031,25.7929,52.0859,,,,,,,,
55.9219,41407.625,26.1601,52.6094,,,,,,,,
55.0898,41462.7148,26.086,52.9141,,,,,,,,
55.3399,41518.0547,25.5937,52.4805,,,,,,,,
54.6836,41572.7383,26.0195,52.4688,,,,,,,,
55.8515,41628.5898,25.6563,52.5156,,,,,,,,
54.5274,41683.1172,25.3047,52.3555,,,,,,,,
55.6953,41738.8125,26.0586,52.2226,,,,,,,,
54.7813,41793.5938,26.1406,52.3086,,,,,,,,
55.3632,41848.957,26.0391,52.2813,,,,,,,,
54.4883,41903.4453,25.7226,52.3555,,,,,,,,
55.8672,41959.3125,25.5859,52.6602,,,,,,,,
54.8555,42014.168,25.5821,52.789,,,,,,,,
55.1211,42069.2891,25.8633,52.1992,,,,,,,,
55.0625,42124.3516,25.8165,52.7383,,,,,,,,
55.1796,42179.5312,25.7578,52.0586,,,,,,,,
54.0977,42233.6289,25.7851,51.9687,,,,,,,,
55.5899,42289.2188,25.3985,52.3945,,,,,,,,
54.1445,42343.3633,25.9414,51.9688,,,,,,,,
55.7656,42399.1289,25.8594,52.8047,,,,,,,,
54.7773,42453.9062,25.8164,52.5664,,,,,,,,
55.3008,42509.207,25.4336,52.0664,,,,,,,,
54.4883,42563.6953,25.7578,52.3477,,,,,,,,
32.9805,42596.6758,26.0078,29.6094,,,,,,,,
29.5664,42626.2422,26.1172,27.1836,,,,,,,,
29.5156,42655.7578,26.1562,27.2695,,,,,,,,
30.0234,42685.7812,25.9024,27.2929,,,,,,,,
28.8868,42714.668,25.8789,26.9492,,,,,,,,
28.8398,42743.5078,26.7656,26.8438,,,,,,,,
29.8594,42773.3672,26.4063,26.957,,,,,,,,
28.75,42802.1172,26.3047,26.6758,,,,,,,,
28.707,42830.8242,26.3359,26.6211,,,,,,,,
29.336,42860.1602,26.8398,26.664,,,,,,,,
29.0078,42889.168,26.3437,27.168,,,,,,,,
29.3593,42918.5273,26.4844,27.3984,,,,,,,,
29.7579,42948.2852,26.4921,26.9844,,,,,,,,
28.9648,42977.25,26.25,26.7813,,,,,,,,
29.582,43006.832,26.6094,27.1601,,,,,,,,
29.6289,43036.4609,26.5859,26.8164,,,,,,,,
28.6172,43065.0781,26.1172,26.6445,,,,,,,,
28.9571,43094.0352,26.5118,26.9766,,,,,,,,
29.2578,43123.293,26.6016,26.4297,,,,,,,,
28.375,43151.668,26.2891,26.3438,,,,,,,,
29.4453,43181.1133,26.6211,27.3399,,,,,,,,
30.082,43211.1953,26.3359,27.3516,,,,,,,,
28.9609,43240.1562,25.9883,27.125,,,,,,,,
28.836,43268.9922,26.5664,26.9102,,,,,,,,
29.7461,43298.7383,26.0703,26.9297,,,,,,,,
29.0586,43327.7969,26.207,26.8164,,,,,,,,
28.9101,43356.707,26.5938,26.7109,,,,,,,,
29.7149,43386.4219,26.2618,26.961,,,,,,,,
28.7187,43415.1406,26.082,26.8126,,,,,,,,
29.2852,43444.4258,26.6835,27.2657,,,,,,,,
30.0117,43474.4375,26.3476,27.1601,,,,,,,,
29.2422,43503.6797,26.2852,27.0274,,,,,,,,
29.0156,43532.6953,26.2734,26.7851,,,,,,,,
29.4805,43562.1758,26.4102,26.7383,,,,,,,,
28.5469,43590.7227,26.1719,26.6797,,,,,,,,
28.6054,43619.3281,26.457,26.5391,,,,,,,,
29.8281,43649.1562,26.3203,26.8789,,,,,,,,
28.7149,43677.8711,26.0977,26.5352,,,,,,,,
28.7891,43706.6602,26.2618,26.6211,,,,,,,,
30.0976,43736.7578,26.1132,27.3867,,,,,,,,
28.8984,43765.6562,26.0859,27,,,,,,,,
29.0079,43794.6641,26.3359,26.9453,,,,,,,,
29.5234,43824.1875,26.2461,26.6484,,,,,,,,
29.4219,43853.6094,26.0507,27.0938,,,,,,,,
29.1875,43882.7969,26.1954,26.8282,,,,,,,,
29.3672,43912.1641,26.4375,26.5547,,,,,,,,
28.6562,43940.8203,26.3594,26.7578,,,,,,,,
28.5625,43969.3828,26.0312,26.6445,,,,,,,,
30.0742,43999.457,26.5742,27.3398,,,,,,,,
29.5078,44028.9648,26.2618,27.5234,,,,,,,,
29.0938,44058.0586,26.25,26.9375,,,,,,,,
29.7656,44087.8242,26.6367,26.9063,,,,,,,,
28.625,44116.4492,26.25,26.7734,,,,,,,,
28.9024,44145.3516,26.1719,26.8086,,,,,,,,
29.7148,44175.0664,26.4531,26.6836,,,,,,,,
29.4141,44204.4805,26.2773,27.2812,,,,,,,,
29.4257,44233.9062,26.0352,27.1953,,,,,,,,
29.9219,44263.8281,26.6172,27.0274,,,,,,,,
28.8086,44292.6367,26.2812,26.8516,,,,,,,,
28.9649,44321.6016,26.2188,26.8789,,,,,,,,
29.7382,44351.3398,26.3515,26.8985,,,,,,,,
28.7969,44380.1367,26.3242,26.5742,,,,,,,,
28.875,44409.0117,26.4063,26.7031,,,,,,,,
29.9258,44438.9375,26.2774,26.5664,,,,,,,,
29.2266,44468.1641,26.9414,27.3281,,,,,,,,
29.4257,44497.5898,26.2422,27.4258,,,,,,,,
30.6563,44528.2461,26.2383,27.1328,,,,,,,,
28.9844,44557.2305,26.3398,26.8828,,,,,,,,
29.1211,44586.3516,25.9414,27.0273,,,,,,,,
29.6015,44615.9531,26.1172,26.9062,,,,,,,,
28.7344,44644.6875,26.4492,26.75,,,,,,,,
29.2305,44673.918,25.9648,27.1797,,,,,,,,
30.1328,44704.0508,26.125,27.207,,,,,,,,
28.9609,44733.0117,26.3164,26.8164,,,,,,,,
28.9531,44761.9648,26.1445,26.707,,,,,,,,
29.7852,44791.75,26.3711,26.9297,,,,,,,,
28.793,44820.543,26.8243,26.914,,,,,,,,
28.8672,44849.4102,26.336,26.8945,,,,,,,,
30.1289,44879.5391,26.5899,27.289,,,,,,,,
29.4453,44908.9844,26.3828,27.2578,,,,,,,,
29.0039,44937.9883,26.4375,26.8243,,,,,,,,
29.6328,44967.6211,26.4063,26.8828,,,,,,,,
28.8437,44996.4648,26.6563,26.9844,,,,,,,,
28.961,45025.4258,26.4297,26.9297,,,,,,,,
29.7734,45055.1992,26.1485,26.9219,,,,,,,,
28.7149,45083.9141,26.4961,26.6797,,,,,,,,
28.8437,45112.7578,26.9297,26.6133,,,,,,,,
30.0586,45142.8164,26.164,27.3438,,,,,,,,
29.2852,45172.1016,26.1094,27.3828,,,,,,,,
29.3281,45201.4297,26.4414,27.3242,,,,,,,,
29.7305,45231.1602,26.8593,26.9453,,,,,,,,
29.0781,45260.2383,26.1328,27.0078,,,,,,,,
28.7773,45289.0156,26.5313,26.6562,,,,,,,,
29.711,45318.7266,26.2343,26.9609,,,,,,,,
28.9609,45347.6875,26.0391,27.0429,,,,,,,,
29.4961,45377.1836,26.9258,27.5196,,,,,,,,
29.8633,45407.0469,26.1367,27.0312,,,,,,,,
29.0976,45436.1445,26.1602,26.9336,,,,,,,,
29.1993,45465.3438,26.332,27,,,,,,,,
29.5156,45494.8594,26.2265,26.789,,,,,,,,
28.6953,45523.5547,26.2539,26.7656,,,,,,,,
28.9062,45552.4609,26.3516,26.8711,,,,,,,,
29.4961,45581.957,26.7344,26.625,,,,,,,,
29.5469,45611.5039,26.5352,27.375,,,,,,,,
29.3359,45640.8398,26.75,27.125,,,,,,,,
29.8985,45670.7383,26.5664,27.0742,,,,,,,,
28.8515,45699.5898,26.1797,26.9726,,,,,,,,
28.8477,45728.4375,25.9726,26.8124,,,,,,,,
29.8086,45758.2461,26.3711,26.7774,,,,,,,,
29.082,45787.3281,26.2969,26.875,,,,,,,,
28.7891,45816.1172,26.2305,26.7031,,,,,,,,
29.7266,45845.8438,26.5313,26.8476,,,,,,,,
29.0468,45874.8906,26.1406,27.1562,,,,,,,,
29.2578,45904.1484,26.0391,27.1797,,,,,,,,
30.1368,45934.2852,26.4101,27.0547,,,,,,,,
29.3515,45963.6367,26.1172,27.2695,,,,,,,,
29.0195,45992.6562,25.9375,26.8594,,,,,,,,
29.7383,46022.3945,26.6797,26.8086,,,,,,,,
28.7774,46051.1719,26.4805,26.8671,,,,,,,,
28.6719,46079.8438,26.0547,26.5079,,,,,,,,
31.2812,46111.125,26.7187,27.2579,,,,,,,,
29.8359,46140.9609,26.3672,27.4492,,,,,,,,
29.2461,46170.207,25.9375,27.0117,,,,,,,,
30.2422,46200.4492,26.0312,26.9922,,,,,,,,
29.1172,46229.5664,26.5782,27.1445,,,,,,,,
28.8594,46258.4258,26.0312,26.6875,,,,,,,,
30,46288.4258,26.3164,26.9336,,,,,,,,
29.5703,46317.9961,26.582,27.0938,,,,,,,,
28.8086,46346.8047,26.164,26.6524,,,,,,,,
29.4336,46376.2383,25.9766,26.6914,,,,,,,,
29.2656,46405.5039,26.4414,27.4062,,,,,,,,
29.082,46434.5859,26.3476,27.1172,,,,,,,,
29.9258,46464.5117,26.1485,27.0508,,,,,,,,
28.8945,46493.4062,26.1914,26.8242,,,,,,,,
29.2461,46522.6523,26.5664,26.9961,,,,,,,,
29.7852,46552.4375,26.5078,27.039,,,,,,,,
28.6133,46581.0508,26.7422,26.7344,,,,,,,,
28.75,46609.8008,26.4649,26.7344,,,,,,,,
29.5781,46639.3789,26.5821,26.7109,,,,,,,,
29.6836,46669.0625,26.4571,27.4844,,,,,,,,
29.5117,46698.5742,26.8633,27.3359,,,,,,,,
30.0078,46728.582,26.2422,27.0859,,,,,,,,
28.8516,46757.4336,26.2305,26.9805,,,,,,,,
28.8086,46786.2422,26.6133,26.8868,,,,,,,,
29.6289,46815.8711,26.1875,26.8516,,,,,,,,
28.9922,46844.8633,26.3164,26.8047,,,,,,,,
29.3164,46874.1797,26.7852,27.0976,,,,,,,,
29.8945,46904.0742,26.7656,27.0976,,,,,,,,
28.9336,46933.0078,26.1328,27.1171,,,,,,,,
29.0938,46962.1016,26.2148,27.1368,,,,,,,,
29.7851,46991.8867,26.4844,27.0195,,,,,,,,
29.0156,47020.9023,26.1641,26.8555,,,,,,,,
28.8868,47049.7891,26.3242,26.6641,,,,,,,,
30.1406,47079.9297,26.6016,27.3242,,,,,,,,
29.5742,47109.5039,26.625,27.6836,,,,,,,,
29.082,47138.5859,26.5742,27.0586,,,,,,,,
29.9258,47168.5117,26.3906,27.125,,,,,,,,
28.9492,47197.4609,26.2539,26.8008,,,,,,,,
29.0469,47226.5078,26.1679,26.7969,,,,,,,,
30.5391,47257.0469,26.4883,27.125,,,,,,,,
29.3047,47286.3516,26.2461,27.3047,,,,,,,,
28.9531,47315.3047,26.125,26.9023,,,,,,,,
30.2617,47345.5664,26.5703,27.1914,,,,,,,,
29.25,47374.8164,26.293,27.0899,,,,,,,,
28.8789,47403.6953,26.039,26.625,,,,,,,,
29.2852,47432.9805,26.3985,26.5195,,,,,,,,
29.2539,47462.2344,26.5117,27.3828,,,,,,,,
29.1054,47491.3398,25.9961,27.0313,,,,,,,,
30.1602,47521.5,26.4766,27.1289,,,,,,,,
29.2188,47550.7188,26.5626,27.0196,,,,,,,,
29.1757,47579.8945,25.9258,26.9063,,,,,,,,
29.7227,47609.6172,26.5117,26.6289,,,,,,,,
29.3164,47638.9336,26.4843,27.332,,,,,,,,
28.9687,47667.9023,26.2149,26.9687,,,,,,,,
29.9102,47697.8125,26.5703,26.8204,,,,,,,,
29.2813,47727.0938,26.2539,26.9531,,,,,,,,
29.039,47756.1328,25.9727,26.8945,,,,,,,,
29.5039,47785.6367,26.125,26.6602,,,,,,,,
28.7071,47814.3438,26.7461,26.8008,,,,,,,,
29.0898,47843.4336,26.2539,27,,,,,,,,
30.1953,47873.6289,26.1211,27.4258,,,,,,,,
29.0625,47902.6914,26.3359,26.9883,,,,,,,,
29.0508,47931.7422,26.543,26.9688,,,,,,,,
29.707,47961.4492,26.4688,26.9453,,,,,,,,
28.5,47989.9492,26.4571,26.6015,,,,,,,,
28.8672,48018.8164,26.7657,26.75,,,,,,,,
29.8242,48048.6406,26.5742,27.0625,,,,,,,,
28.7032,48077.3438,26.2657,26.6445,,,,,,,,
29.1914,48106.5352,26.5195,27.1758,,,,,,,,
30.1523,48136.6875,26.2383,27.3164,,,,,,,,
29.0195,48165.707,26.2461,27.0586,,,,,,,,
29.2227,48194.9297,26.5078,27.1563,,,,,,,,
29.6406,48224.5703,26.5586,26.8243,,,,,,,,
28.6953,48253.2656,26.3945,26.543,,,,,,,,
28.7032,48281.9688,26.7578,26.6406,,,,,,,,
29.9687,48311.9375,26.6484,27.1993,,,,,,,,
28.8867,48340.8242,26.625,27.0235,,,,,,,,
29.586,48370.4102,26.4141,27.5234,,,,,,,,
29.6054,48400.0156,26.5351,26.7109,,,,,,,,
28.9805,48428.9961,26.207,26.9375,,,,,,,,
28.9961,48457.9922,26.668,26.7773,,,,,,,,
29.9922,48487.9844,26.3828,27.2852,,,,,,,,
29.0273,48517.0117,26.4961,27.207,,,,,,,,
29.1406,48546.1523,26.7226,27.164,,,,,,,,
29.7227,48575.875,26.4805,26.9882,,,,,,,,
29.082,48604.957,26.7539,26.9219,,,,,,,,
28.8164,48633.7734,26.2813,26.625,,,,,,,,
29.5039,48663.2773,26.4609,26.75,,,,,,,,
29.0782,48692.3555,26.5274,27.207,,,,,,,,
29.1445,48721.5,26.2266,27.1562,,,,,,,,
29.8711,48751.3711,26.1836,27.0898,,,,,,,,
29.1875,48780.5586,26.1757,26.9766,,,,,,,,
29.6953,48810.2539,26.3594,27.0391,,,,,,,,
29.6641,48839.918,26.4454,26.8632,,,,,,,,
28.582,48868.5,26.2852,26.5938,,,,,,,,
28.6328,48897.1328,26.1015,26.586,,,,,,,,
29.6094,48926.7422,26.6718,26.8242,,,,,,,,
29.4687,48956.2109,26.5898,27.3632,,,,,,,,
29.4649,48985.6758,26.4023,27.2266,,,,,,,,
30.0156,49015.6914,26.7188,26.9609,,,,,,,,
29.0742,49044.7656,26.3515,27.0352,,,,,,,,
29.1016,49073.8672,26.3711,27.1133,,,,,,,,
29.793,49103.6602,26.7969,26.8476,,,,,,,,
28.9336,49132.5938,26.3828,26.8203,,,,,,,,
29.3203,49161.9141,26.0234,27.2617,,,,,,,,
30.4257,49192.3398,26.7461,27.1133,,,,,,,,
28.8047,49221.1445,26.6836,26.9688,,,,,,,,
28.8594,49250.0039,26.3946,26.8516,,,,,,,,
30.1367,49280.1406,26.4023,26.8477,,,,,,,,
29.0508,49309.1914,26.4649,26.9258,,,,,,,,
28.9024,49338.0938,26.4258,26.6407,,,,,,,,
30.3007,49368.3945,26.1055,27.1211,,,,,,,,
28.9883,49397.3828,26.4531,27.1055,,,,,,,,
29.0156,49426.3984,26.3008,27.0312,,,,,,,,
30.0352,49456.4336,26.6289,27.0429,,,,,,,,
29.4726,49485.9062,26.7148,27.0976,,,,,,,,
29.2032,49515.1094,25.957,26.9609,,,,,,,,
29.9648,49545.0742,26.0156,27.1953,,,,,,,,
29.0899,49574.1641,26.3554,27.207,,,,,,,,
28.8242,49602.9883,26.7148,26.8633,,,,,,,,
29.8828,49632.8711,26.5664,27.1641,,,,,,,,
29.0742,49661.9453,26.5469,26.9414,,,,,,,,
29.3047,49691.25,26.7304,26.9609,,,,,,,,
29.5078,49720.7578,26.4336,26.7812,,,,,,,,
29.0313,49749.7891,26.5898,27.1406,,,,,,,,
29.1914,49778.9805,26.3594,27.2188,,,,,,,,
29.7734,49808.7539,26.2578,27.0781,,,,,,,,
29.3047,49838.0586,26.4414,27.1797,,,,,,,,
29.6562,49867.7148,26.6523,27.3633,,,,,,,,
29.9493,49897.6641,26.1562,27.004,,,,,,,,
28.9492,49926.6133,26.2656,27.0664,,,,,,,,
28.9805,49955.5938,26.8515,26.9961,,,,,,,,
29.5664,49985.1602,26.2461,26.9063,,,,,,,,
29.0117,50014.1719,26.2656,26.9414,,,,,,,,
29.1758,50043.3477,26.9258,26.9727,,,,,,,,
29.5273,50072.875,26.543,26.7617,,,,,,,,
28.7461,50101.6211,26.293,26.8242,,,,,,,,
29.1719,50130.793,26.457,27.1718,,,,,,,,
29.8398,50160.6328,26.4805,27.1367,,,,,,,,
29.3164,50189.9492,26.3164,27.1797,,,,,,,,
29.1055,50219.0547,26.6797,26.8671,,,,,,,,
29.6328,50248.6875,26.3437,26.8438,,,,,,,,
28.6797,50277.3672,26.6328,26.8008,,,,,,,,
29.1523,50306.5195,26.3555,27.1914,,,,,,,,
30.1407,50336.6602,26.8281,27.4023,,,,,,,,
29.1406,50365.8008,26.414,27.0821,,,,,,,,
29.168,50394.9688,26.3359,27.0859,,,,,,,,
29.5664,50424.5352,26.3828,26.875,,,,,,,,
28.4609,50452.9961,26.539,26.6914,,,,,,,,
28.668,50481.6641,26.6055,26.6992,,,,,,,,
29.8906,50511.5547,26.457,27.2578,,,,,,,,
29.0898,50540.6445,26.5625,27.1758,,,,,,,,
29.4141,50570.0586,26.0117,27.0899,,,,,,,,
29.9492,50600.0078,26.6992,26.9648,,,,,,,,
28.9883,50628.9961,26.3321,26.8125,,,,,,,,
28.8633,50657.8594,26.4063,26.8867,,,,,,,,
30.4023,50688.2617,26.5703,27.5468,,,,,,,,
29.1094,50717.3711,26.1211,27.0196,,,,,,,,
29.125,50746.4961,26.3438,26.8359,,,,,,,,
29.9101,50776.4062,26.6797,27.1289,,,,,,,,
28.711,50805.1172,26.875,26.832,,,,,,,,
28.7109,50833.8281,26.3164,26.7656,,,,,,,,
30.3516,50864.1797,26.4766,27.2461,,,,,,,,
29.3164,50893.4961,26.6719,27.2735,,,,,,,,
29.0937,50922.5898,26.3086,26.7657,,,,,,,,
30.3907,50952.9805,26.5507,26.9102,,,,,,,,
28.8086,50981.7891,26.5703,26.9453,,,,,,,,
28.8281,51010.6172,25.9961,26.8359,,,,,,,,
29.9101,51040.5273,26.1523,26.8047,,,,,,,,
29.4336,51069.9609,26.6914,27.3555,,,,,,,,
29.5079,51099.4688,26.1015,27.2266,,,,,,,,
29.6796,51129.1484,25.9375,26.8946,,,,,,,,
28.8594,51158.0078,26.3164,27,,,,,,,,
28.9375,51186.9453,26.5234,26.918,,,,,,,,
29.5781,51216.5234,26.3359,26.8867,,,,,,,,
29.4688,51245.9922,26.4571,27.3242,,,,,,,,
29.539,51275.5312,26.3321,27.2696,,,,,,,,
29.6836,51305.2148,26,26.957,,,,,,,,
28.9258,51334.1406,26.6563,27.0664,,,,,,,,
29.0782,51363.2188,26.4765,27.0938,,,,,,,,
29.6054,51392.8242,26.8867,26.7461,,,,,,,,
28.711,51421.5352,26.4921,26.6094,,,,,,,,
29.4609,51450.9961,26.4218,27.125,,,,,,,,
30.3398,51481.3359,26.1719,27.5235,,,,,,,,
28.8868,51510.2227,26.7344,27.0039,,,,,,,,
28.8359,51539.0586,26.6055,26.9141,,,,,,,,
29.8086,51568.8672,26.2383,27.0898,,,,,,,,
29.043,51597.9102,26.2891,26.9609,,,,,,,,
28.996,51626.9062,26.8007,26.5625,,,,,,,,
30.0274,51656.9336,26.6796,27.2618,,,,,,,,
29.2695,51686.2031,26.2657,27.4023,,,,,,,,
28.9141,51715.1172,26.5859,26.9961,,,,,,,,
29.4648,51744.582,26.293,26.8047,,,,,,,,
29.0313,51773.6133,26.4024,26.9297,,,,,,,,
29.1484,51802.7617,26.3711,26.7734,,,,,,,,
29.8242,51832.5859,26.4297,27.1601,,,,,,,,
29.1641,51861.75,26.6015,27.2695,,,,,,,,
28.7734,51890.5234,26.3711,26.8086,,,,,,,,
29.6485,51920.1719,26.5781,26.8711,,,,,,,,
29.2383,51949.4102,26.207,27.0898,,,,,,,,
29.1171,51978.5273,26.2696,26.8086,,,,,,,,
29.4415,52007.9688,26.6211,26.6367,,,,,,,,
29.1054,52037.0742,26.3008,27.25,,,,,,,,
29.1133,52066.1875,26.5508,27.1406,,,,,,,,
29.7305,52095.918,26.5625,26.9609,,,,,,,,
29.0273,52124.9453,26.2812,26.957,,,,,,,,
29.2266,52154.1719,26.1836,26.9297,,,,,,,,
29.8008,52183.9727,26.3554,27.0508,,,,,,,,
29.2578,52213.2305,26.6445,27.3282,,,,,,,,
29.5664,52242.7969,26.461,27.457,,,,,,,,
29.9883,52272.7852,26.6407,26.9531,,,,,,,,
29.1796,52301.9648,26.1797,26.7968,,,,,,,,
29.2774,52331.2422,26.0821,26.9063,,,,,,,,
30.168,52361.4102,26.9492,26.7227,,,,,,,,
28.9843,52390.3945,26.4414,27.1172,,,,,,,,
29.3086,52419.7031,26.164,27.2891,,,,,,,,
30.0469,52449.75,26.5547,26.9727,,,,,,,,
29.0664,52478.8164,27.1914,26.875,,,,,,,,
29.4453,52508.2617,26.3086,27.2226,,,,,,,,
30.2422,52538.5039,26.4297,26.7734,,,,,,,,
28.5391,52567.043,26.707,26.6328,,,,,,,,
29.1172,52596.1602,26.3125,27.2149,,,,,,,,
30.1406,52626.3008,26.3516,27.3242,,,,,,,,
29.25,52655.5508,27.1796,27.1523,,,,,,,,
28.875,52684.4258,26.4883,26.7187,,,,,,,,
29.7031,52714.1289,26.5586,26.9766,,,,,,,,
28.9453,52743.0742,26.957,27.1289,,,,,,,,
29.2266,52772.3008,26.2227,27.2383,,,,,,,,
29.8281,52802.1289,26.3046,27.1367,,,,,,,,
29.2109,52831.3398,26.4296,27.1953,,,,,,,,
29.1836,52860.5234,26.7891,26.9101,,,,,,,,
29.5586,52890.082,26.2148,26.8398,,,,,,,,
29.0977,52919.1797,26.5977,27.2031,,,,,,,,
28.9023,52948.082,27.0977,26.7734,,,,,,,,
29.9961,52978.0781,26.3906,27.2695,,,,,,,,
29.3555,53007.4336,26.4297,27.1836,,,,,,,,
29.6094,53037.043,26.5313,27.289,,,,,,,,
29.6992,53066.7422,26.418,26.9297,,,,,,,,
28.875,53095.6172,26.5586,27.0117,,,,,,,,
28.9101,53124.5273,26.8672,26.9453,,,,,,,,
29.8985,53154.4258,26.2852,27.1719,,,,,,,,
29.2304,53183.6562,26.5195,27.1524,,,,,,,,
29.5469,53213.2031,26.8125,27.2031,,,,,,,,
29.7227,53242.9258,26.2578,26.9453,,,,,,,,
28.8086,53271.7344,26.4492,26.8632,,,,,,,,
28.9609,53300.6953,26.4297,26.9765,,,,,,,,
29.3477,53330.043,26.418,26.6563,,,,,,,,
29.2656,53359.3086,26.3164,27.1992,,,,,,,,
29.2266,53388.5352,26.5547,26.9726,,,,,,,,
29.6601,53418.1953,26.3907,26.9141,,,,,,,,
28.7422,53446.9375,26.3789,26.9101,,,,,,,,
28.7109,53475.6484,26.6406,26.875,,,,,,,,
29.9883,53505.6367,26.5586,27.2187,,,,,,,,
29.4063,53535.043,26.5234,27.3711,,,,,,,,
29.4961,53564.5391,26.3281,27.1875,,,,,,,,
29.6093,53594.1484,26.6289,26.7422,,,,,,,,
28.9454,53623.0938,26.5586,26.7461,,,,,,,,
29.246,53652.3398,26.6289,27.2774,,,,,,,,
29.6993,53682.0391,26.6875,26.8946,,,,,,,,
28.7226,53710.7617,26.6171,26.6445,,,,,,,,
29.4649,53740.2266,26.2187,27.1485,,,,,,,,
29.9726,53770.1992,26.8242,27.2032,,,,,,,,
28.7383,53798.9375,26.2578,26.8672,,,,,,,,
28.9883,53827.9258,26.375,26.9609,,,,,,,,
29.7344,53857.6602,26.6016,27.0039,,,,,,,,
29.0156,53886.6758,26.4922,26.8242,,,,,,,,
29.5078,53916.1836,26.1719,27.3008,,,,,,,,
30.1719,53946.3555,26.9297,27.2071,,,,,,,,
28.8945,53975.25,26.4453,27.0273,,,,,,,,
28.832,54004.082,26.0664,26.8946,,,,,,,,
29.9844,54034.0664,26.4883,27.0664,,,,,,,,
29.1094,54063.1758,26.4649,27.0117,,,,,,,,
29.039,54092.2148,26.1758,26.8477,,,,,,,,
30.418,54122.6328,26.8086,27.1992,,,,,,,,
29.375,54152.0078,26.7539,27.5,,,,,,,,
29.1016,54181.1094,26.1993,27.0937,,,,,,,,
29.9531,54211.0625,26.7343,26.9961,,,,,,,,
29.1875,54240.25,26.9649,27.0937,,,,,,,,
29.1953,54269.4453,26.3399,26.9101,,,,,,,,
30.6953,54300.1406,26.211,27.4258,,,,,,,,
29.4453,54329.5859,26.7109,27.6094,,,,,,,,
29.4571,54359.043,26.1601,27.5,,,,,,,,
29.832,54388.875,26.207,27.0704,,,,,,,,
29.0742,54417.9492,26.8516,26.9609,,,,,,,,
29.3438,54447.293,26.4882,27.0782,,,,,,,,
29.2929,54476.5859,26.3945,26.5899,,,,,,,,
29.1446,54505.7305,26.457,27.2149,,,,,,,,
29.4531,54535.1836,26.7695,27.4062,,,,,,,,
29.9336,54565.1172,26.8086,27.1289,,,,,,,,
29.1289,54594.2461,26.2539,26.9922,,,,,,,,
29.2031,54623.4492,26.7305,26.9844,,,,,,,,
29.961,54653.4102,26.746,27.2304,,,,,,,,
29.0546,54682.4648,26.3281,27.1992,,,,,,,,
29.168,54711.6328,26.6718,27.1915,,,,,,,,
29.6836,54741.3164,26.4532,26.8984,,,,,,,,
29.0391,54770.3555,26.2539,26.8281,,,,,,,,
29.0507,54799.4062,26.5117,26.7969,,,,,,,,
29.6329,54829.0391,26.8321,26.9609,,,,,,,,
28.5078,54857.5469,26.2734,26.6641,,,,,,,,
28.9883,54886.5352,26.3555,27.0742,,,,,,,,
29.9765,54916.5117,26.7148,27.2266,,,,,,,,
29.0117,54945.5234,26.9023,26.9062,,,,,,,,
28.9961,54974.5195,26.7773,26.7109,,,,,,,,
29.875,55004.3945,26.7813,27.1133,,,,,,,,
29.4102,55033.8047,26.289,27.4453,,,,,,,,
29.0664,55062.8711,26.4649,26.9961,,,,,,,,
29.6289,55092.5,27.0156,26.7617,,,,,,,,
29.1758,55121.6758,26.6445,27.0273,,,,,,,,
29.2969,55150.9727,26.8555,27.0156,,,,,,,,
29.9218,55180.8945,26.6094,27.1055,,,,,,,,
29.0313,55209.9258,26.3438,27.0429,,,,,,,,
29.0469,55238.9727,26.7461,27.1211,,,,,,,,
29.6484,55268.6211,26.6211,26.9179,,,,,,,,
29.1133,55297.7344,26.5196,26.9687,,,,,,,,
28.9726,55326.707,26.2031,26.7578,,,,,,,,
30.0664,55356.7734,26.8711,27.0937,,,,,,,,
29.4805,55386.2539,26.3946,27.3515,,,,,,,,
29.2188,55415.4727,26.125,27.2266,,,,,,,,
29.8359,55445.3086,26.5078,26.9453,,,,,,,,
29.3906,55474.6992,27.0821,26.836,,,,,,,,
29.3594,55504.0586,26.2891,27.0899,,,,,,,,
29.8555,55533.9141,26.7305,26.8828,,,,,,,,
29.6601,55563.5742,26.8633,27.4414,,,,,,,,
29.2188,55592.793,26.1914,27.1797,,,,,,,,
30.3554,55623.1484,26.5976,27.1094,,,,,,,,
29.2149,55652.3633,26.7656,27.0938,,,,,,,,
29.1875,55681.5508,26.7422,26.961,,,,,,,,
29.7148,55711.2656,26.3282,26.9727,,,,,,,,
29.0703,55740.3359,26.7344,27.2031,,,,,,,,
29.2032,55769.5391,26.3047,27.2968,,,,,,,,
30.0547,55799.5938,26.4492,27.2851,,,,,,,,
29.332,55828.9258,26.5625,27.168,,,,,,,,
29.1289,55858.0547,26.5273,26.9063,,,,,,,,
29.7031,55887.7578,26.3476,26.9258,,,,,,,,
28.586,55916.3438,26.5586,26.7852,,,,,,,,
29.3789,55945.7227,26.6562,27.3945,,,,,,,,
29.875,55975.5977,26.625,27.125,,,,,,,,
29.5703,56005.168,26.5,27.3243,,,,,,,,
28.9609,56034.1289,26.664,26.7735,,,,,,,,
29.6211,56063.75,26.6055,26.8946,,,,,,,,
28.7344,56092.4844,26.793,26.8828,,,,,,,,
28.7031,56121.1875,26.6328,26.7852,,,,,,,,
30.3008,56151.4883,26.3828,27.6133,,,,,,,,
29.5976,56181.0859,26.582,27.4414,,,,,,,,
29.1016,56210.1875,26.5118,26.9414,,,,,,,,
29.7305,56239.918,26.5429,26.9336,,,,,,,,
29.1679,56269.0859,26.4922,26.9765,,,,,,,,
29.0274,56298.1133,26.7852,27.0117,,,,,,,,
30.1172,56328.2305,26.9141,27.2969,,,,,,,,
29.3281,56357.5586,26.3164,27.2422,,,,,,,,
29.582,56387.1406,26.3633,27.3828,,,,,,,,
29.6172,56416.7578,26.6016,26.8476,,,,,,,,
28.8281,56445.5859,26.5781,27,,,,,,,,
28.8868,56474.4727,26.4804,26.8711,,,,,,,,
29.4414,56503.9141,26.7109,26.7031,,,,,,,,
29.4336,56533.3477,26.6524,27.3125,,,,,,,,
29.4648,56562.8125,26.5391,27.2656,,,,,,,,
29.8125,56592.625,26.9062,27.1172,,,,,,,,
28.7617,56621.3867,26.2773,26.9258,,,,,,,,
29.25,56650.6367,26.4922,27.25,,,,,,,,
29.7031,56680.3398,26.6172,26.9218,,,,,,,,
29.3438,56709.6836,26.5235,27.1836,,,,,,,,
29.5078,56739.1914,26.3828,27.2539,,,,,,,,
30.4688,56769.6602,26.5938,27.4453,,,,,,,,
29.3515,56799.0117,26.6641,26.9805,,,,,,,,
28.9336,56827.9453,26.4219,26.9218,,,,,,,,
30.0938,56858.0391,26.6875,27.0508,,,,,,,,
29.2656,56887.3047,26.5469,26.8321,,,,,,,,
29.5703,56916.875,26.2188,27.2969,,,,,,,,
30.582,56947.457,26.2696,27.2461,,,,,,,,
28.8164,56976.2734,26.3945,26.8672,,,,,,,,
28.9375,57005.2109,26.1562,26.7734,,,,,,,,
30.1953,57035.4062,26.4141,27.2969,,,,,,,,
29.4454,57064.8516,26.7382,27.246,,,,,,,,
29.457,57094.3086,26.4844,27.2617,,,,,,,,
29.6367,57123.9453,26.3672,26.8985,,,,,,,,
29.1367,57153.082,26.4883,26.8321,,,,,,,,
29.0157,57182.0977,26.6133,26.961,,,,,,,,
30.289,57212.3867,26.2773,27.4805,,,,,,,,
29.2539,57241.6406,26.2851,27.1016,,,,,,,,
29.0547,57270.6953,26.7422,26.832,,,,,,,,
29.7578,57300.4531,26.875,27.0625,,,,,,,,
29.0117,57329.4648,26.6445,27.1133,,,,,,,,
29.2032,57358.668,26.7813,27.2422,,,,,,,,
29.8867,57388.5547,26.4296,27.1367,,,,,,,,
29.1289,57417.6836,26.4882,26.9492,,,,,,,,
28.8359,57446.5195,26.4843,26.7422,,,,,,,,
29.4336,57475.9531,26.6133,26.7344,,,,,,,,
29.3516,57505.3047,26.9297,27.2032,,,,,,,,
29.0039,57534.3086,26.7657,27.0117,,,,,,,,
29.9414,57564.25,26.4375,27.0898,,,,,,,,
29.2773,57593.5273,26.4961,27.0664,,,,,,,,
29.1524,57622.6797,26.5703,26.793,,,,,,,,
29.5547,57652.2344,26.4961,26.7071,,,,,,,,
29.4609,57681.6953,26.4922,27.4102,,,,,,,,
29.0625,57710.7578,26.6328,27.0743,,,,,,,,
30,57740.7578,26.6289,27.1719,,,,,,,,
29.2891,57770.0469,27.0977,27.1133,,,,,,,,
28.9297,57798.9766,26.418,26.8203,,,,,,,,
29.4804,57828.457,26.6329,26.8164,,,,,,,,
28.7852,57857.2422,26.3164,26.957,,,,,,,,
28.8086,57886.0508,26.5703,26.9257,,,,,,,,
29.5195,57915.5703,26.7774,26.7969,,,,,,,,
28.8242,57944.3945,26.3321,26.8476,,,,,,,,
29.2305,57973.625,26.3984,27.1445,,,,,,,,
29.6406,58003.2656,26.6055,26.9063,,,,,,,,
29.168,58032.4336,26.2579,26.9883,,,,,,,,
29.1016,58061.5352,26.6836,27.0547,,,,,,,,
29.6132,58091.1484,26.6719,26.8555,,,,,,,,
28.9375,58120.0859,26.4141,26.9648,,,,,,,,
28.8985,58148.9844,26.2852,26.8203,,,,,,,,
29.5664,58178.5508,26.8242,26.7851,,,,,,,,
28.75,58207.3008,26.3867,26.7774,,,,,,,,
28.8711,58236.1719,26.664,26.8907,,,,,,,,
29.6211,58265.793,26.7579,26.9375,,,,,,,,
28.8789,58294.6719,26.7734,26.8906,,,,,,,,
29.3125,58323.9844,26.3047,27.1133,,,,,,,,
29.4804,58353.4648,26.6641,26.8477,,,,,,,,
28.5743,58382.0391,26.5781,26.6758,,,,,,,,
29.0234,58411.0625,26.6563,27.0312,,,,,,,,
30.0625,58441.125,26.8203,26.9453,,,,,,,,
29.4062,58470.5312,26.332,27.1524,,,,,,,,
29.7227,58500.2539,26.379,27.2578,,,,,,,,
29.918,58530.1719,26.5468,26.7773,,,,,,,,
29.4414,58559.6133,26.332,27.0625,,,,,,,,
29.0273,58588.6406,26.3047,26.7773,,,,,,,,
30.4375,58619.0781,26.5664,27.2032,,,,,,,,
29.1953,58648.2734,26.3281,27.1406,,,,,,,,
29.3672,58677.6406,26.6016,27.1757,,,,,,,,
29.7969,58707.4375,26.4765,26.9454,,,,,,,,
28.8359,58736.2734,26.5703,26.9375,,,,,,,,
29.2188,58765.4922,26.3398,27.1523,,,,,,,,
29.7109,58795.2031,26.4571,26.6367,,,,,,,,
29.1875,58824.3906,26.6562,27.1523,,,,,,,,
29.2383,58853.6289,26.6015,27.0625,,,,,,,,
29.8242,58883.4531,26.4102,26.9726,,,,,,,,
28.7539,58912.207,26.9805,26.8086,,,,,,,,
28.8672,58941.0742,26.2852,26.9219,,,,,,,,
30.0274,58971.1016,26.7109,26.8984,,,,,,,,
29.164,59000.2656,26.3789,27.1797,,,,,,,,
29.8633,59030.1289,26.3047,27.5703,,,,,,,,
29.8477,59059.9766,26.7344,27.0664,,,,,,,,
28.7265,59088.7031,26.6914,26.8398,,,,,,,,
28.7696,59117.4727,26.8164,26.8438,,,,,,,,
29.664,59147.1367,26.336,26.9258,,,,,,,,
29.0391,59176.1758,26.6601,26.9805,,,,,,,,
29.1445,59205.3203,27.0625,27.0704,,,,,,,,
29.9649,59235.2852,26.414,27.1875,,,,,,,,
28.9023,59264.1875,26.9101,27.0508,,,,,,,,
29.0039,59293.1914,27.0859,27,,,,,,,,
30.0742,59323.2656,26.3125,27.3672,,,,,,,,
28.7578,59352.0234,26.9453,26.7031,,,,,,,,
28.9258,59380.9492,26.5781,26.8984,,,,,,,,
29.9649,59410.9141,26.25,27.2227,,,,,,,,
29.1132,59440.0273,26.9063,27.1641,,,,,,,,
28.9532,59468.9805,26.5547,27.043,,,,,,,,
29.6562,59498.6367,26.4179,26.9727,,,,,,,,
29.0508,59527.6875,26.4727,27.0938,,,,,,,,
28.9609,59556.6484,26.7422,26.7383,,,,,,,,
30.3789,59587.0273,26.5976,27.4414,,,,,,,,
28.9922,59616.0195,26.3672,27.0469,,,,,,,,
29.3008,59645.3203,26.7109,27.1289,,,,,,,,
30.0781,59675.3984,26.418,27.1679,,,,,,,,
29.4414,59704.8398,26.0156,27.039,,,,,,,,
28.9493,59733.7891,26.4336,26.6445,,,,,,,,
29.6015,59763.3906,26.6484,26.7695,,,,,,,,
29.3438,59792.7344,26.2657,27.4336,,,,,,,,
29.3515,59822.0859,26.3164,27.2031,,,,,,,,
30.0391,59852.125,27.1523,27.2539,,,,,,,,
29.2422,59881.3672,26.5586,27,,,,,,,,
29.4297,59910.7969,26.4453,26.9765,,,,,,,,
30.4804,59941.2773,26.7968,26.9219,,,,,,,,
29.2774,59970.5547,26.1484,27.2071,,,,,,,,
29.2851,59999.8398,26.3281,26.9883,,,,,,,,
30.9336,60030.7734,26.4102,27.0117,,,,,,,,
29.2657,60060.0391,26.5547,26.9024,,,,,,,,
28.9062,60088.9453,26.3828,26.7929,,,,,,,,
30.0703,60119.0156,26.8008,26.9453,,,,,,,,
28.9492,60147.9648,26.4765,26.7383,,,,,,,,
29.7149,60177.6797,26.3047,27.4179,,,,,,,,
30.4922,60208.1719,26.4102,27.1289,,,,,,,,
28.9531,60237.125,26.5351,26.9375,,,,,,,,
29.2109,60266.3359,26.3203,26.9531,,,,,,,,
30.1407,60296.4766,26.0352,27.3399,,,,,,,,
29.582,60326.0586,26.8008,27.2149,,,,,,,,
29.168,60355.2266,26.5977,27.0781,,,,,,,,
29.5546,60384.7812,26.1914,26.7891,,,,,,,,
29.3829,60414.1641,26.5743,27.2305,,,,,,,,
29.4101,60443.5742,27.2539,26.8282,,,,,,,,
29.9336,60473.5078,26.2656,27.1524,,,,,,,,
29.3555,60502.8633,26.2109,27.3672,,,,,,,,
29.1562,60532.0195,26.6211,27.1133,,,,,,,,
29.8711,60561.8906,26.3047,27.0351,,,,,,,,
29.3711,60591.2617,26.4258,27.1914,,,,,,,,
29.4531,60620.7148,26.6445,27.1211,,,,,,,,
29.9727,60650.6875,26.4258,26.957,,,,,,,,
29.0156,60679.7031,26.6289,27.0508,,,,,,,,
29.0625,60708.7656,26.7032,26.957,,,,,,,,
29.9219,60738.6875,26.8633,27.0391,,,,,,,,
29.6406,60768.3281,26.5078,27.5196,,,,,,,,
29.6328,60797.9609,26.4297,27.25,,,,,,,,
30.3125,60828.2734,26.7461,27.4765,,,,,,,,
28.9883,60857.2617,26.5079,27.1406,,,,,,,,
28.9141,60886.1758,26.4023,26.8477,,,,,,,,
29.7383,60915.9141,26.7852,27,,,,,,,,
28.8437,60944.7578,26.4179,26.6836,,,,,,,,
29.6641,60974.4219,26.5235,27.3164,,,,,,,,
30.3515,61004.7734,27.1094,27.3398,,,,,,,,
28.8789,61033.6523,26.5469,26.8242,,,,,,,,
29.1211,61062.7734,26.1328,26.9179,,,,,,,,
29.9024,61092.6758,26.3672,26.8477,,,,,,,,
28.8203,61121.4961,26.6524,26.5937,,,,,,,,
29.5508,61151.0469,25.9024,27.1992,,,,,,,,
30.4492,61181.4961,26.4649,27.2031,,,,,,,,
29.1523,61210.6484,26.7734,27.25,,,,,,,,
28.9805,61239.6289,26.6211,26.9805,,,,,,,,
33.4649,61273.0938,26.4765,26.9375,,,,,,,,
29.7031,61302.7969,26.6758,26.8438,,,,,,,,
31.8867,61334.6836,26.3008,26.8672,,,,,,,,
29.6836,61364.3672,26.2422,26.6523,,,,,,,,
28.8437,61393.2109,26.3516,26.6445,,,,,,,,
29.3203,61422.5312,26.5664,27.3555,,,,,,,,
29.711,61452.2422,26.3515,27.125,,,,,,,,
29.375,61481.6172,26.2383,27.3125,,,,,,,,
28.9297,61510.5469,26.5312,26.9375,,,,,,,,
29.4219,61539.9688,26.6328,27.043,,,,,,,,
28.6171,61568.5859,26.4024,26.6953,,,,,,,,
29.3672,61597.9531,26.918,27.164,,,,,,,,
30.0352,61627.9883,26.6484,27.2539,,,,,,,,
29.2344,61657.2227,26.9727,27.0625,,,,,,,,
28.8867,61686.1094,26.5664,26.8946,,,,,,,,
29.2773,61715.3867,27.0625,26.7774,,,,,,,,
28.5313,61743.918,26.1914,26.7929,,,,,,,,
28.9922,61772.9102,26.6836,27.2305,,,,,,,,
29.9726,61802.8828,27.0352,27.3359,,,,,,,,
29.1133,61831.9961,26.7851,27.0586,,,,,,,,
28.8711,61860.8672,26.6016,26.9414,,,,,,,,
29.7109,61890.5781,26.5156,27.2305,,,,,,,,
29.0664,61919.6445,26.3008,27.2265,,,,,,,,
28.961,61948.6055,26.5664,27.1523,,,,,,,,
29.6445,61978.25,26.6289,26.9375,,,,,,,,
28.8906,62007.1406,26.7188,26.9219,,,,,,,,
28.8477,62035.9883,26.5859,26.8046,,,,,,,,
29.6953,62065.6836,26.9336,27.1133,,,,,,,,
28.7969,62094.4805,26.4023,27.039,,,,,,,,
28.7929,62123.2734,26.4336,26.9687,,,,,,,,
29.4024,62152.6758,26.9649,26.7695,,,,,,,,
28.9531,62181.6289,26.2461,26.8789,,,,,,,,
28.5,62210.1289,26.3867,26.4804,,,,,,,,
29.4453,62239.5742,26.9727,26.9805,,,,,,,,
29.1914,62268.7656,26.3906,27.3282,,,,,,,,
28.8086,62297.5742,26.2891,27.0157,,,,,,,,
29.3828,62326.957,26.6563,26.8359,,,,,,,,
29.2578,62356.2148,26.3516,26.9532,,,,,,,,
29.0235,62385.2383,26.3047,26.8477,,,,,,,,
29.6719,62414.9102,26.5742,27.0938,,,,,,,,
29.0507,62443.9609,26.2852,27.211,,,,,,,,
29.1133,62473.0742,26.375,27.2461,,,,,,,,
29.7891,62502.8633,26.8867,26.9648,,,,,,,,
29.1797,62532.043,26.5156,27.039,,,,,,,,
29,62561.043,26.0078,26.9492,,,,,,,,
30.0625,62591.1055,26.75,27.2812,,,,,,,,
